Player,Pos,Age,Tm,G,MP,PER,TS%,3PAr,FTr,ORB%,DRB%,TRB%,AST%,STL%,BLK%,TOV%,USG%,OWS,DWS,WS,WS/48,OBPM,DBPM,BPM,VORP
Precious Achiuwa,PF,21,MIA,28,408,15.1,0.599,0,0.541,10.5,19.8,15.4,6.8,1.4,3.8,16.1,19.7,0.3,0.6,0.9,0.101,-2.8,-0.2,-3,-0.1
Steven Adams,C,27,NO,27,760,15.9,0.592,0.006,0.397,16.9,18,17.5,10.1,1.7,2,20.1,12.8,1.2,0.5,1.7,0.109,-0.1,-1,-1.1,0.2
Bam Adebayo,C,23,MIA,26,873,22.7,0.641,0.015,0.469,6.8,23.2,15.4,27.9,1.4,3.2,16.2,24.6,2.3,1.3,3.6,0.196,2.9,2,4.9,1.5
Ty-Shon Alexander,SG,22,PHX,3,8,-11.9,0,0.333,0,0,13.6,6.9,14.7,0,0,0,16.8,-0.1,0,-0.1,-0.327,-16.4,-4.8,-21.2,0
Nickeil Alexander-Walker,SG,22,NO,23,441,12,0.502,0.463,0.17,1.3,14.1,7.7,14.9,2.8,1.9,12.9,22.4,-0.2,0.4,0.2,0.025,-2.6,0.1,-2.5,-0.1
Grayson Allen,SG,25,MEM,19,454,14,0.63,0.721,0.264,1.7,12,6.7,11.5,2,0.6,11.3,16.5,0.7,0.4,1.1,0.113,0.4,0.1,0.5,0.3
Jarrett Allen,C,22,CLE,16,414,23.5,0.675,0.032,0.568,11.4,23,17,9.7,0.7,5.9,11.8,18.4,1.3,0.4,1.7,0.197,3.2,0.2,3.4,0.6
Al-Farouq Aminu,PF,30,CHI,2,16,7.5,0.798,1,2,6.2,20.3,13,16.7,0,0,51.5,10.3,0,0,0,-0.034,-3.4,0.1,-3.3,0
Kyle Anderson,PF,27,MEM,24,675,17.8,0.579,0.401,0.249,3.5,21.5,12.2,19.4,1.9,2.5,10.7,20.1,1.1,0.8,1.9,0.134,1.9,1.1,2.9,0.8
Giannis Antetokounmpo,PF,26,MIL,27,906,28.3,0.62,0.216,0.54,5.6,29.8,18,27.5,1.8,3.5,13.9,33,2.7,1.5,4.3,0.226,5.2,2,7.2,2.1
Kostas Antetokounmpo,PF,23,LAL,1,8,-9.1,0,0,0,0,54.1,28,0,0,21.3,50,21.7,-0.1,0,-0.1,-0.407,-19.3,2,-17.3,0
Thanasis Antetokounmpo,SF,28,MIL,18,149,10.3,0.688,0.269,0.269,9.5,12.5,11,12.2,1.6,1.8,34,12.4,0.1,0.2,0.2,0.079,-3.3,0.1,-3.2,0
Carmelo Anthony,PF,36,POR,27,683,13.8,0.515,0.386,0.241,2.2,12.9,7.3,7.7,1.5,2.9,6.7,23.5,0.3,0.4,0.7,0.047,-1.2,-1.8,-3.1,-0.2
Cole Anthony,PG,20,ORL,25,667,10.3,0.469,0.309,0.204,3,14.7,8.6,21.4,1.2,1.5,14.8,22,-0.6,0.6,0,0,-3,-1.1,-4.1,-0.4
OG Anunoby,SF,23,TOR,18,619,14.7,0.632,0.548,0.258,5,14.2,9.5,6.5,2.8,1.6,13,16.4,0.8,0.7,1.5,0.118,0.3,0.9,1.1,0.5
Ryan Arcidiacono,PG,26,CHI,11,107,11.2,0.534,0.667,0.208,1.1,21.4,11.4,20.1,1.3,0,7.1,11.2,0.2,0.1,0.3,0.119,-2.5,0.9,-1.6,0
DJ Augustin,PG,33,HOU,27,480,10.8,0.514,0.642,0.277,2.5,4.7,3.6,20,1.3,0.2,12.5,15.3,0.6,0.3,0.8,0.083,-0.5,-1.6,-2.2,0
Deandre Ayton,C,22,PHX,27,866,17.7,0.617,0.058,0.219,13,28.9,21.1,8.4,0.5,2.8,15.8,18.8,1.4,1.3,2.7,0.148,-0.5,-0.3,-0.8,0.2
Udoka Azubuike,C,21,UTAH,12,49,10.6,0.622,0,0.857,9.1,18.6,14.1,0,1,6.5,23.7,11.1,0,0.1,0.1,0.114,-5.5,1.2,-4.3,0
Dwayne Bacon,SG,25,ORL,29,721,10.7,0.513,0.297,0.197,1.7,11.8,6.5,6.4,1.5,0.4,6.2,19.1,0.1,0.6,0.7,0.046,-2.9,-0.9,-3.8,-0.3
Marvin Bagley III,PF,21,SAC,25,623,13.9,0.53,0.26,0.268,9,23.4,16.2,5.3,0.9,1.6,11,23.1,0,0.2,0.3,0.02,-1.8,-2.8,-4.6,-0.4
LaMelo Ball,PG,19,CHA,28,776,18.2,0.542,0.414,0.198,5.8,18.2,11.9,33.8,2.7,1.3,16.5,24.8,0.8,1,1.8,0.113,1.8,1,2.8,0.9
Lonzo Ball,PG,23,NO,25,772,14.2,0.554,0.622,0.089,2.3,13.2,7.8,21.5,2,1.6,13.9,20.2,0.8,0.5,1.2,0.077,0.3,-0.4,-0.2,0.4
Mo Bamba,C,22,ORL,13,113,23.4,0.56,0.278,0.093,14.1,31.6,22.5,6.3,0.9,8,6.6,22.7,0.2,0.2,0.4,0.166,2,0.3,2.3,0.1
Desmond Bane,SG,22,MEM,20,456,12.6,0.631,0.548,0.11,2.1,10.9,6.4,9.8,1.4,0.6,12.4,17.3,0.5,0.3,0.8,0.08,-0.6,-0.9,-1.5,0.1
Harrison Barnes,PF,28,SAC,27,948,15.7,0.615,0.392,0.389,3.3,16.2,9.7,13.2,1.1,0.4,9.9,17.3,2,0.1,2,0.102,1.6,-1.5,0.1,0.5
RJ Barrett,SG,20,NY,30,1012,13.1,0.504,0.233,0.275,4.1,15,9.6,14.7,1.1,0.6,10.4,23.9,0,1.2,1.2,0.058,-1.6,-0.6,-2.2,0
Will Barton,SF,30,DEN,25,744,11.6,0.54,0.396,0.176,1.8,12.4,7.1,14.7,1.3,1.4,12.4,17.9,0.4,0.5,0.9,0.06,-0.9,-1.3,-2.2,0
Keita Bates-Diop,SF,25,SA,8,27,0.3,0.215,0.444,0.667,3.7,7.9,5.8,8.6,1.8,0,0,18.5,-0.1,0,-0.1,-0.151,-8.2,-4.4,-12.5,-0.1
Nicolas Batum,SF,32,LAC,27,806,14.8,0.67,0.683,0.164,3.4,14.6,9.2,10.3,2.3,1.1,8.8,11.8,1.8,1,2.7,0.163,1.5,0.5,2,0.8
Aron Baynes,C,34,TOR,25,470,8.4,0.463,0.37,0.062,8.4,23.9,15.9,7.5,0.7,1.7,11.8,15.4,-0.1,0.4,0.3,0.031,-4.3,-1.4,-5.7,-0.4
Kent Bazemore,SF,31,GS,27,448,14.7,0.647,0.462,0.227,3.1,16.3,9.8,13.6,2.3,3.1,16.2,16.4,0.5,0.7,1.2,0.133,-0.8,2.2,1.5,0.4
Darius Bazley,PF,20,OKC,28,872,9.6,0.489,0.455,0.186,1.8,22.7,12.4,8.7,0.7,2,12.3,19.8,-1.1,1,-0.1,-0.003,-3.1,-0.9,-4,-0.4
Bradley Beal,SG,27,WSH,24,846,24.8,0.591,0.308,0.348,3.9,11.7,7.7,25,1.7,1.2,10.1,36.2,2,0.5,2.5,0.141,6.3,-1.4,4.9,1.5
Malik Beasley,SG,24,MIN,29,951,16.7,0.581,0.51,0.142,2.8,13.7,8,12.7,1.2,0.4,8.4,25.2,1.2,0.4,1.6,0.081,2.5,-2.1,0.5,0.6
Jordan Bell,C,26,WSH,3,50,8,0.333,0.133,0,10.1,23.9,16.8,13.3,0.9,5.2,16.7,14.9,-0.1,0.1,0,-0.037,-5.1,-1.2,-6.3,-0.1
DeAndre' Bembry,SF,26,TOR,19,261,13.2,0.671,0.259,0.204,3.3,9.6,6.4,16.1,2.2,2,16.9,11.6,0.4,0.2,0.7,0.123,-1,1.2,0.2,0.1
Davis Bertans,PF,28,WSH,23,593,11.5,0.589,0.891,0.257,1.7,11.3,6.4,5.4,1.3,1,5.5,16.6,0.7,0.3,1,0.082,0.2,-1.5,-1.3,0.1
Patrick Beverley,PG,32,LAC,20,483,13.7,0.603,0.637,0.234,4.8,14.5,9.8,11.7,2,2.8,9.9,13.9,0.9,0.6,1.5,0.151,-0.1,0.9,0.8,0.3
Saddiq Bey,SF,21,DET,26,529,13,0.593,0.665,0.253,2.2,18.6,10.1,7.4,1.3,0.2,8.6,18.1,0.6,0.4,1,0.092,0.6,-0.7,-0.1,0.3
Tyler Bey,SF,22,DAL,4,13,14,0.444,0,0.8,16.8,8.5,12.7,0,0,7.3,0,22.8,0,0,0,0.057,-1.1,-3.4,-4.5,0
Khem Birch,C,28,TOR,29,631,16.1,0.577,0.086,0.443,12.6,15.9,14.2,7.8,1.5,3,10.2,12.6,1.2,0.7,1.9,0.147,-0.8,-0.4,-1.2,0.1
Goga Bitadze,C,21,IND,13,124,18.3,0.635,0.316,0.316,8.1,17.5,12.9,3.5,1.2,9.8,8.5,16.5,0.2,0.2,0.4,0.173,-2.1,2.2,0.1,0.1
Bismack Biyombo,C,28,CHA,26,585,12.6,0.569,0.008,0.395,10.2,17.4,13.8,8,0.5,5.5,14.1,11.8,0.6,0.6,1.2,0.099,-2.4,-0.5,-2.9,-0.1
Nemanja Bjelica,PF,32,MIA,13,211,12.6,0.567,0.388,0.418,6.2,19.4,12.7,18,0,0.8,16.8,19.3,0.2,0,0.2,0.049,-1.4,-1.9,-3.4,-0.1
Eric Bledsoe,SG,31,NO,27,780,12.6,0.556,0.518,0.19,1.8,11.8,6.8,17.7,1.1,0.9,13.2,19.4,0.7,0.2,0.9,0.055,-0.3,-1.7,-2.1,0
Keljin Blevins,SF,25,POR,8,38,-6,0.111,0.333,0,0,0,0,12.7,2.6,0,25,13.5,-0.2,0,-0.2,-0.238,-12.3,-3.3,-15.6,-0.1
Bogdan Bogdanovic,SG,28,ATL,9,213,9.9,0.543,0.744,0.115,1,16,8.6,13.2,0.9,0.4,11.8,18.6,0.1,0.1,0.2,0.045,-0.8,-1.3,-2.1,0
Bojan Bogdanovic,SF,31,UTAH,29,891,12.3,0.567,0.544,0.251,1.7,11.5,6.8,9.9,0.7,0.1,10.1,20.9,1,0.9,2,0.105,-0.5,-1.1,-1.7,0.1
Bol Bol,PF,21,DEN,12,65,4.7,0.504,0.375,0.125,0,15.7,7.8,4,0.8,5.9,22.9,14.6,-0.1,0.1,-0.1,-0.041,-6.1,-1,-7.2,-0.1
Isaac Bonga,SF,21,WSH,17,230,5,0.523,0.611,0.083,3.5,14.2,8.6,4.9,0.8,1.5,15.8,8,0,0.1,0.1,0.021,-4.6,-1.6,-6.2,-0.2
Devin Booker,SG,24,PHX,23,810,17.2,0.593,0.317,0.294,0.6,10.8,5.8,20.9,1.2,0.8,14.6,30.7,0.6,0.8,1.4,0.082,0.2,-1.1,-0.9,0.2
Chris Boucher,C,28,TOR,28,654,23.4,0.65,0.405,0.365,9,23.5,16,7,1,9.2,6.1,20.3,2.1,1,3.1,0.226,3.5,0.3,3.8,1
Brian Bowen,SF,22,IND,1,5,17.8,0.615,0,0.5,0,21.7,11,0,0,0,0,21.2,0,0,0,0.16,0.5,-2.4,-1.8,0
Avery Bradley,SG,30,HOU,10,211,10.4,0.607,0.576,0.136,1.1,8.1,4.8,10.3,1.6,0.5,11.4,16.7,0.1,0.2,0.3,0.071,-2.7,-0.6,-3.2,-0.1
Tony Bradley,C,23,OKC,10,117,20.3,0.537,0.028,0.139,20.4,26.3,23.4,7.3,1.2,4.6,2.6,14.1,0.3,0.2,0.5,0.207,1.9,-0.6,1.3,0.1
Jarrell Brantley,PF,24,UTAH,8,22,10.3,0.563,0.75,0,5,13.8,9.6,0,2.2,3.6,11.1,17.5,0,0,0,0.097,-2.3,0.9,-1.5,0
Mikal Bridges,SF,24,PHX,27,898,16.3,0.634,0.489,0.243,4.7,12.9,8.9,9.1,0.9,2.6,6.2,16,2,1,3.1,0.164,2.1,0.5,2.5,1
Miles Bridges,PF,22,CHA,28,747,12,0.581,0.442,0.147,5.2,18.1,11.6,10.2,1.3,3,17,16.4,0.3,0.8,1.1,0.07,-1.8,-0.3,-2.1,0
Malcolm Brogdon,PG,28,IND,29,1045,18.3,0.548,0.365,0.159,2.4,12.3,7.4,28.1,1.7,0.7,9.5,26.2,1.5,1,2.5,0.115,3,-1.1,2,1
Dillon Brooks,SF,25,MEM,24,700,10.3,0.485,0.389,0.135,3.8,8.6,6.1,13.2,2.2,1.2,12.3,27.1,-0.9,0.6,-0.3,-0.022,-3.5,-2.1,-5.6,-0.6
Bruce Brown,PG,24,BKN,26,498,12.8,0.59,0.172,0.227,7.9,17.2,12.8,7.1,1.6,1.7,13.5,14.1,0.5,0.4,0.9,0.091,-2.1,-0.8,-2.8,-0.1
Jaylen Brown,SG,24,BOS,26,868,22.3,0.598,0.303,0.246,3.9,14.9,9.2,19.5,1.7,1.6,11.6,31.4,1.7,0.9,2.6,0.146,4.9,-0.5,4.4,1.4
Moses Brown,C,21,OKC,7,31,33.5,0.65,0,1.4,13.6,36.5,25.2,16.4,1.5,11.3,5.8,24,0.1,0.1,0.2,0.34,5.3,3.8,9.1,0.1
Sterling Brown,SG,25,HOU,26,556,12.9,0.59,0.613,0.063,3.8,15.6,9.6,12,2.1,1.1,9.4,13.9,0.7,0.8,1.5,0.127,-1,1,0,0.3
Troy Brown Jr.,SF,21,CHI,13,205,5.4,0.461,0.581,0.194,3.9,19.6,11.5,8.5,0.5,0.8,15.1,16,-0.2,0.1,-0.1,-0.034,-4.1,-2.3,-6.3,-0.2
Jalen Brunson,PG,24,DAL,24,578,16.4,0.626,0.34,0.27,0.9,13.6,7.2,22.6,0.8,0,11.5,19.2,1.3,0.2,1.5,0.121,1.2,-1.8,-0.6,0.2
Thomas Bryant,C,23,WSH,10,271,18.8,0.704,0.231,0.264,6.7,17.2,11.8,8.7,0.7,2.6,9.8,17.2,0.7,0.2,0.9,0.157,2.1,-1.7,0.4,0.2
Reggie Bullock,SF,29,NY,25,669,8.9,0.54,0.605,0.084,1.1,12.3,6.8,7.4,1.3,0.9,8.4,14.2,0.2,0.8,1,0.074,-2.4,0.7,-1.7,0.1
Trey Burke,PG,28,DAL,27,466,13.7,0.571,0.511,0.152,0.9,6.2,3.5,13.7,2.2,0.4,7.3,19.3,0.6,0.2,0.8,0.08,-0.4,0,-0.4,0.2
Alec Burks,SG,29,NY,18,459,13.5,0.55,0.543,0.265,2.1,16.6,9.5,12.5,1.6,1.1,10,19.3,0.4,0.7,1,0.107,0.3,0.2,0.5,0.3
Jimmy Butler,SF,31,MIA,16,527,24.2,0.559,0.11,0.612,6.5,19,13.1,36.8,2.9,1.2,10.9,26.4,1.5,0.8,2.3,0.213,3.3,2.5,5.8,1
Devontae Cacok,PF,24,LAL,1,2,38.7,1,0,0,0,0,0,0,0,0,0,21.7,0,0,0,0.342,14.1,3.9,18,0
Kentavious Caldwell-Pope,SG,27,LAL,25,627,9.8,0.589,0.548,0.161,1.5,8.3,5,7,1.5,1.1,11.8,14.1,0.4,0.9,1.3,0.101,-1.6,-0.1,-1.7,0.1
Facundo Campazzo,PG,29,DEN,25,350,12.1,0.561,0.667,0.302,1.6,4.9,3.2,17.8,3.2,1.1,13.5,15.6,0.4,0.4,0.8,0.104,-1.8,0.5,-1.3,0.1
Vlatko Cancar,PF,23,DEN,13,45,2.1,0.269,0.571,0.143,7.5,22.7,15.1,2.7,4.4,4.3,25.2,19.2,-0.2,0.1,-0.1,-0.158,-9.6,-0.7,-10.3,-0.1
Clint Capela,C,26,ATL,25,732,23.1,0.582,0,0.282,17,34.4,25.8,5.4,1.3,6.4,10.2,19.9,1.4,1.3,2.7,0.179,2,0.4,2.4,0.8
Vernon Carey Jr.,C,19,CHA,3,6,29.8,0.387,0.333,0.667,35,18.1,26.7,24.5,0,16.8,0,27.5,0,0,0,0.197,7.5,-0.1,7.4,0
Jevon Carter,PG,25,PHX,23,256,8.3,0.447,0.671,0.027,1.3,12.3,6.9,13.5,1.9,2.1,6.3,13.8,0,0.3,0.3,0.056,-3.5,2.1,-1.3,0
Wendell Carter Jr.,C,21,ORL,16,425,17.1,0.613,0.109,0.522,9.3,22.9,16.2,11.8,1.2,2.3,15.4,20.1,0.7,0.5,1.2,0.134,-1,-0.4,-1.4,0.1
Michael Carter-Williams,SG,29,ORL,10,246,8.2,0.418,0.207,0.28,7.3,12.7,9.9,17.6,1,1.5,14.8,18.7,-0.3,0.2,-0.1,-0.014,-4.9,-0.8,-5.7,-0.2
Alex Caruso,PG,26,LAL,22,412,11.5,0.596,0.515,0.124,3.1,11,7.2,16,2.6,0.8,19.6,13.4,0.3,0.8,1,0.122,-1.5,2.2,0.7,0.3
Willie Cauley-Stein,C,27,DAL,26,454,14.8,0.646,0.051,0.444,7.9,21.2,14.5,6.2,1,4,10.6,12.8,0.9,0.4,1.3,0.137,-1.8,0.5,-1.4,0.1
Chris Chiozza,PG,25,BKN,12,111,10.7,0.414,0.439,0.268,3.2,7.6,5.6,31.7,1.7,2.2,14.9,21,0,0.1,0,0.014,-2.9,-1.5,-4.4,-0.1
Brandon Clarke,PF,24,MEM,20,543,16.6,0.539,0.162,0.185,6.3,16.5,11.3,9.8,2.1,2.5,5.5,19.9,0.6,0.6,1.2,0.107,-0.3,0,-0.3,0.2
Jordan Clarkson,SG,28,UTAH,29,760,19,0.588,0.575,0.112,3.9,12.3,8.3,13.5,1.8,0.7,10.7,28.4,1.2,1.1,2.3,0.145,3.4,-0.4,3,1
Amir Coffey,SG,23,LAC,19,154,10.1,0.637,0.525,0.225,2.3,8.5,5.5,7.1,1.3,0,15.4,14.9,0.1,0.1,0.2,0.065,-1.7,-1.1,-2.8,0
John Collins,PF,23,ATL,28,884,19.3,0.635,0.261,0.228,7.5,18.2,12.9,8.4,0.7,2.7,8.9,21.2,2.2,0.8,3,0.162,2.2,-0.4,1.8,0.8
Mike Conley,PG,33,UTAH,23,674,19.8,0.593,0.536,0.223,3.8,9.2,6.6,30.2,2.3,0.2,12.6,23.3,1.9,1,2.9,0.207,3.7,0.4,4.1,1
Pat Connaughton,SG,28,MIL,25,475,13.2,0.57,0.672,0.063,5,15.9,10.6,9,1.7,2.3,5.1,12.2,0.8,0.5,1.3,0.133,1,0.3,1.2,0.4
DeMarcus Cousins,C,30,LAC,25,506,15.1,0.511,0.552,0.281,6.2,34.1,20,17.9,2,3.1,14.2,23.1,-0.1,1.1,1,0.094,-1.5,1.9,0.4,0.3
Robert Covington,PF,30,POR,26,816,10,0.511,0.71,0.097,2.5,19.1,10.4,7.5,2.5,2.7,12.2,11.6,0.1,0.8,0.9,0.054,-2.6,0.9,-1.7,0.1
Torrey Craig,SF,30,PHX,15,175,11.6,0.568,0.486,0.054,7.5,15.9,11.8,8.2,2.2,2.6,11.7,10.3,0.2,0.2,0.4,0.123,-1.4,1.2,-0.2,0.1
Jae Crowder,PF,30,PHX,24,670,11.5,0.54,0.771,0.154,1.7,18.6,10.3,10.6,1.6,0.7,7.7,16.6,0.4,0.9,1.3,0.092,-0.3,0.6,0.3,0.4
Jarrett Culver,SG,21,MIN,16,339,10.7,0.518,0.279,0.297,7.5,18.4,12.7,6.4,1.5,1.5,14.3,18.2,-0.1,0.3,0.1,0.021,-4.2,-1.6,-5.8,-0.3
Seth Curry,SG,30,PHI,22,637,14.1,0.652,0.471,0.196,0.9,6.2,3.6,13.2,1.3,0.8,12.3,16.7,1.2,0.5,1.7,0.125,0.8,-1.2,-0.4,0.3
Stephen Curry,PG,32,GS,29,987,25.6,0.661,0.578,0.261,1.4,14.8,8.2,31.4,1.7,0.2,12.4,32.2,3.1,1.2,4.3,0.21,7.5,0,7.6,2.4
Anthony Davis,PF,27,LAL,23,755,24.7,0.588,0.151,0.339,7.2,20.9,14.3,15.5,2,4.6,9.3,27.9,1.6,1.7,3.3,0.212,4.3,2.1,6.4,1.6
Ed Davis,C,31,MIN,19,264,12.2,0.462,0,0.186,14.7,25.4,19.8,9.3,1.8,3.1,11.4,8.4,0.3,0.3,0.6,0.117,-3.8,0.4,-3.4,-0.1
Terence Davis,SG,23,SAC,22,304,11.2,0.563,0.57,0.078,2.1,11.3,6.5,10,1.9,1,12.5,21.2,0,0.3,0.3,0.041,-2,-1.3,-3.3,-0.1
DeMar DeRozan,PF,31,SA,25,835,21.7,0.603,0.143,0.503,2.3,13.5,7.8,30.8,1.1,0.8,9.1,23.2,2.7,0.8,3.5,0.199,3.9,-0.1,3.8,1.2
Hamidou Diallo,SG,22,DET,28,673,15.9,0.539,0.138,0.418,5,18.2,11.7,16.5,2,1.3,11.4,23.6,0.3,0.9,1.2,0.085,-1.7,0.4,-1.3,0.1
Gorgui Dieng,C,31,SA,19,336,18.6,0.678,0.426,0.33,8.6,21.6,14.9,10.6,2.3,3.6,15.7,16.1,0.7,0.5,1.2,0.169,1.2,0.8,2,0.3
Spencer Dinwiddie,SG,27,BKN,3,64,10.1,0.536,0.438,0.375,0,21.5,11.4,17.4,1.5,1.3,21.2,16,0,0.1,0.1,0.039,-3.4,2,-1.4,0
Donte DiVincenzo,SG,24,MIL,28,732,12.7,0.536,0.552,0.085,4.3,13.5,9.1,13.4,2.2,0.7,11.7,16.7,0.6,0.8,1.4,0.09,-0.3,-0.2,-0.4,0.3
Luka Doncic,PG,21,DAL,27,954,26.8,0.586,0.34,0.392,2.7,24.2,13.4,47.5,1.4,1.8,14.5,36,2.5,0.8,3.4,0.17,6.8,1,7.8,2.4
Luguentz Dort,SG,21,OKC,27,800,9.5,0.531,0.542,0.248,2.5,9.8,6.2,7.3,1.5,0.8,11.4,19.4,-0.3,0.7,0.4,0.024,-3.3,-1.2,-4.5,-0.5
Damyean Dotson,SG,26,CLE,24,490,9.9,0.504,0.532,0.15,0.9,9.4,5,16,1.1,0.6,9.8,17.9,0,0.2,0.2,0.02,-2,-1.2,-3.2,-0.2
Devon Dotson,PG,21,CHI,1,10,6.7,0.5,0,0,0,10.9,5.6,0,0,0,0,17,0,0,0,-0.001,-6.2,-2.3,-8.5,0
Sekou Doumbouya,PF,20,DET,24,314,6.1,0.441,0.382,0.225,5.1,16,10.4,6.6,1.6,0.6,12.5,17.7,-0.4,0.3,-0.1,-0.022,-5.6,-2,-7.5,-0.4
PJ Dozier,SG,24,DEN,17,330,13.6,0.576,0.394,0.266,5.5,18.6,12,9.3,1.3,2.9,11,15.5,0.4,0.3,0.7,0.108,-0.3,-0.4,-0.8,0.1
Goran Dragic,PG,34,MIA,17,451,13.4,0.566,0.4,0.241,1.8,10.6,6.5,33.7,1,0.5,19.1,26.3,0,0.4,0.4,0.042,-1,-2.3,-3.3,-0.1
Andre Drummond,C,27,LAL,25,722,20.9,0.5,0.021,0.339,15,37.5,25.9,15.8,2.7,3.6,15.6,30.8,-0.6,1.3,0.7,0.047,-0.5,0.2,-0.3,0.3
Kevin Durant,PF,32,BKN,19,679,25.1,0.652,0.315,0.404,1.2,20.6,11.5,23.5,1,3.3,13.7,31.2,2,0.6,2.6,0.182,5.4,0,5.4,1.2
Anthony Edwards,SG,19,MIN,29,817,10.5,0.479,0.403,0.163,2.3,12.4,7,13.1,1.2,1,9.4,25.1,-0.8,0.4,-0.4,-0.022,-2.5,-2.6,-5.1,-0.6
Carsen Edwards,SG,22,BOS,13,134,12.2,0.551,0.545,0.164,1.6,9.4,5.4,5.6,1.5,0.7,3.3,19.5,0.2,0.1,0.3,0.096,-2.8,-1.6,-4.3,-0.1
CJ Elleby,SF,20,POR,12,96,12.2,0.592,0.621,0.31,4.2,9.3,6.7,4.4,1.5,2.9,8.3,16,0.1,0,0.2,0.089,-2.4,-0.5,-3,0
Wayne Ellington,SG,33,DET,21,481,12.8,0.633,0.769,0.095,1.6,8.3,4.8,8,0.8,0.8,7.4,17.1,0.7,0.2,0.9,0.092,1.9,-1.9,0,0.2
Joel Embiid,C,26,PHI,23,748,30.8,0.661,0.169,0.649,6.7,28.9,18.2,16.6,1.9,3.3,13.3,33.6,2.9,1.3,4.3,0.273,6.4,1.5,7.9,1.9
James Ennis,SF,30,ORL,20,438,12.7,0.622,0.369,0.301,5.2,12.8,8.9,8.9,2.1,1.2,14.6,13.3,0.5,0.5,1,0.11,-2.3,0.7,-1.6,0
Drew Eubanks,C,23,SA,11,139,12.4,0.5,0,0.432,5.1,23,13.8,3.8,0.3,9.2,10.2,15.1,0,0.2,0.2,0.079,-3.9,1.1,-2.8,0
Dante Exum,SG,25,HOU,6,116,6.1,0.428,0.423,0.077,1.8,14.8,8.1,15.5,1.7,1.6,20.7,12.5,-0.1,0.1,-0.1,-0.023,-4.8,1.7,-3.1,0
Tacko Fall,C,25,BOS,6,49,22.5,0.612,0,0.667,17.8,30.3,23.9,0,0,15.1,6.1,14.4,0.1,0.1,0.2,0.219,-0.1,1.6,1.4,0
Derrick Favors,C,29,UTAH,27,444,20.6,0.675,0.01,0.438,14,21.4,17.9,8,1.6,5.2,11.3,13.6,1.4,0.9,2.4,0.257,0.4,2.2,2.6,0.5
Cristiano Felicio,C,28,CHI,6,38,18.1,0.731,0,2,17.9,17.2,17.5,16.5,2.5,0,28.5,11.8,0.1,0,0.2,0.195,1.8,1.8,3.6,0.1
Bruno Fernando,C,22,ATL,15,132,7.4,0.472,0.091,0.682,9.9,32.3,21.2,9.1,0.7,1.3,29.6,13.1,-0.1,0.2,0,0.007,-4.7,-0.3,-5,-0.1
Yogi Ferrell,PG,27,LAC,2,40,12.7,0.434,0.429,0.095,8,11.5,9.7,20.5,3.7,2.3,12.1,26.7,-0.1,0,0,-0.028,-1.9,0.4,-1.5,0
Dorian Finney-Smith,PF,27,DAL,19,583,11,0.595,0.693,0.086,5.2,11.9,8.6,5.4,1.6,1.3,7.6,11.8,0.7,0.3,1,0.085,-0.3,-0.6,-0.9,0.2
Malachi Flynn,PG,22,TOR,13,106,4.5,0.356,0.59,0.103,1,8.6,4.7,20.5,1.8,0,8.9,18,-0.2,0.1,-0.1,-0.051,-6.7,-1.5,-8.1,-0.2
Bryn Forbes,SG,27,MIL,28,514,11.8,0.629,0.599,0.099,1.1,5.4,3.3,3.4,0.6,0,8.3,18.7,0.6,0.2,0.8,0.076,0,-2.7,-2.7,-0.1
Trent Forrest,PG,22,UTAH,4,13,9.2,0.347,1,1,0,7.8,4.1,9,7.5,0,0,9.5,0,0,0,0.128,-8.5,7.1,-1.3,0
Evan Fournier,SF,28,BOS,15,430,17.5,0.593,0.482,0.389,0.9,8.5,4.6,20.7,1.7,1.3,12.1,25.5,0.7,0.4,1,0.116,1.4,-1,0.5,0.3
DeAaron Fox,PG,23,SAC,26,860,19.9,0.564,0.304,0.372,2.3,8.7,5.5,33,1.8,1.3,13.1,30.6,1.4,0.1,1.5,0.081,2.8,-1.6,1.2,0.7
Tim Frazier,PG,30,MEM,3,33,0.3,0.25,0.25,0,0,13.7,6.7,25.8,1.5,0,27.3,14.2,-0.1,0,-0.1,-0.12,-10.9,-2.6,-13.6,-0.1
Wenyen Gabriel,PF,23,NO,3,10,-1.4,0,0.333,0,11.1,33.3,22.2,11.4,0,0,0,12.8,0,0,0,-0.178,-7.1,-5.6,-12.7,0
Daniel Gafford,PF,22,WSH,23,330,17.6,0.689,0,0.507,11.3,14.2,12.8,6.7,1.6,7.8,16.8,13.8,0.7,0.5,1.2,0.172,-1.4,1.6,0.2,0.2
Danilo Gallinari,PF,32,ATL,16,315,12.5,0.594,0.57,0.43,1,14.6,7.9,8.6,0.5,0.5,11.7,22,0.4,0.2,0.5,0.083,-0.4,-2.2,-2.6,-0.1
Langston Galloway,SG,29,PHX,22,245,13.2,0.65,0.575,0.219,1.9,8.9,5.4,8.6,0.8,0,8,15.9,0.5,0.2,0.7,0.13,0.8,-0.7,0,0.1
Darius Garland,PG,21,CLE,21,679,12.9,0.533,0.288,0.104,1.6,6.3,3.8,27,1.4,0.4,14.3,23.1,0.2,0.2,0.4,0.028,-0.2,-1.7,-2,0
Marc Gasol,C,36,LAL,29,579,10.3,0.55,0.57,0.25,4.6,18.5,11.8,11.5,1,5.3,17.8,10.1,0.4,1.2,1.5,0.127,-2.3,2.5,0.2,0.3
Rudy Gay,PF,34,SA,26,572,13.9,0.524,0.434,0.167,4.2,20.6,12.2,10.1,1.5,1.9,9.8,23,-0.1,0.8,0.7,0.058,-0.6,-0.7,-1.3,0.1
Paul George,SF,30,LAC,20,680,23.2,0.662,0.474,0.254,2.2,17.8,10.2,25.7,1.7,1.2,16.4,28.6,1.8,0.8,2.6,0.185,5.7,-0.4,5.4,1.3
Taj Gibson,PF,35,NY,8,109,10.6,0.53,0.25,0.3,10.8,13.2,12,5.2,0.9,2.7,8.1,10,0.1,0.1,0.3,0.117,-3.1,0.2,-2.9,0
Harry Giles,C,22,POR,22,260,11.3,0.486,0.129,0.29,9.8,35.6,22.1,10.2,0.9,3.2,18.6,14.2,0,0.3,0.3,0.061,-4.3,-0.5,-4.7,-0.2
Shai Gilgeous-Alexander,SG,22,OKC,22,741,21.6,0.612,0.311,0.404,2.1,14.4,8.4,33,1.2,1.7,13.5,27.4,1.7,0.8,2.4,0.156,3.6,0,3.5,1
Anthony Gill,PF,28,WSH,10,65,7.9,0.425,0.7,0.4,4.7,26.7,15.3,5.7,2.1,2.7,20.3,9.4,-0.1,0.1,0,0.019,-4.2,-0.1,-4.3,0
Rudy Gobert,C,28,UTAH,29,878,23.2,0.644,0.004,0.676,12.9,33.2,23.5,6.3,0.7,7.1,12.8,18,2.2,2.1,4.3,0.237,1.7,2,3.6,1.3
Brandon Goodwin,PG,25,ATL,22,280,8.1,0.431,0.51,0.235,1.2,9.1,5.2,21.9,1.7,0,9.6,18.9,-0.1,0.2,0,0.006,-3.2,-0.1,-3.4,-0.1
Aaron Gordon,PF,25,DEN,19,552,14.9,0.528,0.394,0.376,6,20.4,12.9,22.5,1.2,2.6,17.6,23.3,-0.1,0.6,0.6,0.05,0.5,0.1,0.6,0.4
Eric Gordon,SG,32,HOU,22,646,16.8,0.612,0.578,0.311,1.1,7,4,15.3,0.9,1.5,11.1,24.9,1,0.6,1.6,0.115,2.1,-1,1.1,0.5
Devonte Graham,PG,25,CHA,25,821,12.1,0.503,0.652,0.229,1.8,8.1,4.9,24.2,1.5,0,9.3,19.5,0.7,0.5,1.2,0.071,-0.5,-1.4,-1.9,0
Jerami Grant,SF,26,DET,28,1017,18.7,0.579,0.373,0.343,2.4,14.3,8.1,14.2,1.1,3.1,7.7,26.5,1.9,0.9,2.7,0.13,3.2,-0.6,2.6,1.1
Danny Green,SF,33,PHI,29,824,9.7,0.55,0.757,0.063,3.9,10,7.1,8,1.8,2.3,14.9,13.7,0.1,0.9,1,0.061,-1.1,-0.1,-1.2,0.2
Draymond Green,PF,30,GS,24,695,10.3,0.431,0.331,0.262,2.1,17.9,10.2,36.2,2.2,1.9,30.3,12.7,-0.1,1.1,1,0.068,-3.3,2.3,-1.1,0.2
JaMychal Green,PF,30,DEN,24,511,14.6,0.585,0.536,0.179,9,24.2,16.6,6.5,1.4,1.3,11.9,18.6,0.7,0.6,1.2,0.116,0.3,-2,-1.7,0
Javonte Green,SG,27,CHI,18,276,12.7,0.595,0.339,0.468,6.7,11.6,9.1,4,3,0.7,12.8,13.3,0.3,0.3,0.6,0.111,-1.4,1,-0.4,0.1
Jeff Green,PF,34,BKN,30,780,12.2,0.647,0.534,0.218,2.1,13.3,8.1,7.2,1.2,0.8,9.6,13.9,1.2,0.4,1.6,0.098,-0.4,-1,-1.4,0.1
Josh Green,SG,20,DAL,17,212,6.4,0.514,0.333,0.306,6.2,14.1,10.1,6.2,0.9,0.4,21.2,10.7,-0.1,0.1,0,0.005,-4.6,-0.6,-5.2,-0.2
Blake Griffin,PF,31,BKN,20,626,10,0.491,0.559,0.279,1.2,18.1,9.3,18.8,1.1,0.3,11.4,19.4,-0.1,0.5,0.4,0.027,-1.5,-1.1,-2.6,-0.1
Kyle Guy,PG,23,SAC,10,79,11.8,0.408,0.5,0.25,4.1,12.6,8.3,21.5,2.4,0,2.7,19.7,0,0,0,0.029,-2.1,-0.8,-3,0
Rui Hachimura,PF,22,WSH,19,555,12.9,0.549,0.255,0.378,4,15.8,9.7,9.9,1,0.3,7.7,18.4,0.6,0.3,0.8,0.071,-1,-2,-3,-0.1
Tyrese Haliburton,PG,20,SAC,25,734,17.5,0.629,0.548,0.071,3.7,9.6,6.6,24.9,2,1.7,14.3,16.7,1.6,0.2,1.7,0.114,2.9,-0.7,2.3,0.8
Josh Hall,SF,20,OKC,7,51,-2.3,0.285,0.444,0.389,2.1,16.1,9.2,18.6,0,0,15.9,21.3,-0.2,0,-0.2,-0.197,-10.6,-3.7,-14.4,-0.2
R.J. Hampton,PG,19,ORL,21,180,7.3,0.473,0.34,0.128,5.6,19.6,12.6,7.2,1.4,1.1,16.8,14.4,-0.1,0.2,0,0.01,-4.8,-0.9,-5.6,-0.2
Tim Hardaway Jr.,SG,28,DAL,27,825,14.2,0.579,0.586,0.181,0.8,10.7,5.7,8,1.1,0.5,6,22,0.9,0.3,1.2,0.067,1.1,-2,-0.9,0.2
James Harden,SG,31,BKN,16,613,24.9,0.668,0.482,0.429,2.5,20.9,12.3,43.7,1.4,1.6,19.2,25.4,2.5,0.5,3,0.235,6.2,0.1,6.4,1.3
Maurice Harkless,SF,27,SAC,10,109,4.6,0.551,0.8,0.2,1.1,7.8,4.6,8.5,0.9,2.8,15.5,5.3,0,0.1,0.1,0.052,-3.1,0.6,-2.5,0
Jared Harper,PG,23,NY,2,5,-11.9,0.532,0,2,0,0,0,0,0,0,51.5,34.3,-0.1,0,0,-0.467,-15,-8.5,-23.5,0
Montrezl Harrell,C,27,LAL,29,714,21.3,0.676,0.017,0.429,10.7,17.7,14.3,6.9,1.4,2.5,11.5,19.6,2.1,1.3,3.4,0.227,1.8,0.5,2.3,0.8
Gary Harris,SG,26,ORL,19,581,9.3,0.544,0.481,0.192,2.5,6.6,4.6,7.2,1.4,0.7,7.6,13.7,0.4,0.3,0.7,0.061,-2.1,-1.5,-3.6,-0.2
Jalen Harris,SG,22,TOR,2,4,-10.5,0,0,0,26.7,0,13.8,0,0,0,100,10.7,0,0,0,-0.2,-16.5,-4.8,-21.2,0
Joe Harris,SF,29,BKN,30,928,14.9,0.688,0.631,0.073,2.3,9.9,6.3,8.3,0.8,0.6,7.2,16.3,2.1,0.3,2.4,0.123,2.1,-1.7,0.5,0.6
Tobias Harris,PF,28,PHI,26,896,19.7,0.615,0.27,0.225,4.2,19.9,12.3,14.3,1.1,2.2,10.8,23.2,1.9,1.1,3,0.16,2.9,-0.1,2.8,1.1
Shaquille Harrison,SG,27,DEN,16,54,7,0.393,0.053,0.316,6.2,11.3,8.8,20,1.8,0,18.8,21.2,-0.1,0.1,0,-0.019,-6.4,-1.2,-7.6,-0.1
Josh Hart,SF,25,NO,28,785,12.5,0.577,0.59,0.231,4.1,25.5,14.8,10,1.4,0.7,9.7,12.9,1.1,0.6,1.6,0.099,-0.8,0,-0.8,0.2
Isaiah Hartenstein,C,22,CLE,18,157,19.1,0.568,0,0.491,18.6,18.1,18.4,9.3,2.2,8,17.3,22.4,0.2,0.3,0.5,0.14,-3.6,-0.1,-3.7,-0.1
Jaxson Hayes,C,20,NO,21,246,15.5,0.662,0,0.473,11.7,22.6,17.1,5,1.4,2.9,16.4,13.7,0.5,0.2,0.7,0.13,-2,0,-2,0
Killian Hayes,PG,19,DET,7,148,-1.4,0.334,0.426,0.043,0.7,5.5,3,24.2,0.7,0,26.2,19,-0.6,0,-0.5,-0.176,-9.3,-4.2,-13.6,-0.4
Gordon Hayward,SF,30,CHA,26,922,18.7,0.598,0.313,0.273,2.7,13.9,8.2,17.5,1.5,1.2,10.2,24.9,1.7,0.8,2.5,0.132,2.6,-0.8,1.8,0.9
Juan Hernangomez,PF,25,MIN,13,242,10.5,0.511,0.587,0.187,5.5,24.4,14.4,4.1,1,0.7,6.9,15.1,0.1,0.2,0.2,0.046,-2.2,-2.3,-4.5,-0.2
Willy Hernangomez,C,26,NO,13,222,20.6,0.578,0.076,0.348,17,25,21,9.5,1.3,2.3,6.2,15.6,0.7,0.2,0.8,0.181,1.8,-2,-0.2,0.1
Tyler Herro,SG,21,MIA,20,687,12.1,0.535,0.42,0.169,1.6,18.1,10.3,18.8,0.6,1.5,14.1,23.9,-0.4,0.7,0.3,0.021,-1.2,-1.4,-2.6,-0.1
Buddy Hield,SG,28,SAC,27,940,10.7,0.54,0.736,0.123,1.2,14.1,7.6,11.9,1.2,0.8,11.6,20.7,0.1,0.1,0.2,0.009,-0.7,-2,-2.8,-0.2
George Hill,PG,34,PHI,14,369,16,0.63,0.475,0.208,2.3,5.9,4.1,17.9,1.5,0.5,8.4,16.8,0.8,0.3,1.1,0.137,0.9,-0.5,0.4,0.2
Solomon Hill,PF,29,ATL,28,532,6.4,0.494,0.75,0.083,2.3,10.8,6.6,6.1,1.6,1,10.8,11.2,-0.1,0.4,0.3,0.029,-2.9,0.1,-2.8,-0.1
Nate Hinton,SG,21,DAL,6,19,-6.5,0.288,0.385,0.154,0,0,0,0,2.6,5,12.6,36.6,-0.2,0,-0.2,-0.441,-12.2,-5.6,-17.8,-0.1
Aaron Holiday,PG,24,IND,29,576,7.1,0.464,0.425,0.132,1.2,6.2,3.7,12.6,1.2,0.6,9,19.2,-0.5,0.3,-0.1,-0.012,-4.1,-1.8,-5.9,-0.6
Jrue Holiday,PG,30,MIL,23,747,19.9,0.593,0.371,0.144,4.2,11.2,7.8,22.5,2.8,1.7,10.2,19.9,1.9,0.9,2.8,0.18,2.7,1.1,3.8,1.1
Justin Holiday,SG,31,IND,29,935,12.4,0.628,0.676,0.174,2.5,11.9,7.3,7,1.8,0.9,7.3,13.3,1.3,0.9,2.2,0.114,0.4,0.1,0.5,0.6
Richaun Holmes,C,27,SAC,25,739,18.2,0.677,0.024,0.276,9.1,19.6,14.3,8.8,1.1,4.7,13.9,15.8,1.7,0.4,2.1,0.136,-0.6,-0.1,-0.7,0.2
Rodney Hood,SF,28,TOR,23,436,5,0.427,0.359,0.046,0.9,8.9,4.8,8.7,1.7,0.4,11.9,14.9,-0.6,0.1,-0.4,-0.047,-6.3,-1.7,-8,-0.7
Al Horford,C,34,OKC,19,536,17.6,0.547,0.425,0.073,3.1,22.1,12.7,21.2,1.6,2.6,8.6,22.5,0.4,0.8,1.2,0.106,1.8,1.4,3.2,0.7
Talen Horton-Tucker,SG,20,LAL,25,413,11.7,0.521,0.287,0.187,2.5,13.4,8.1,15.1,2.5,2.5,16,20.3,-0.2,0.8,0.7,0.076,-3.2,1.7,-1.6,0.1
Danuel House,SF,27,HOU,17,474,8.9,0.496,0.604,0.216,2.2,11.7,6.9,10.7,1.3,1.6,9.5,15.1,0,0.6,0.5,0.052,-2.9,-0.2,-3.1,-0.1
Dwight Howard,C,35,PHI,29,483,13.9,0.575,0.073,0.782,18.3,31.8,25.3,5.3,1.2,4.6,26.8,17.6,0,0.9,0.9,0.088,-4.4,-0.7,-5.1,-0.4
Markus Howard,SG,21,DEN,14,48,-6.4,0.259,0.724,0,0,11.8,5.9,13.8,2.1,0,12.1,29.9,-0.3,0,-0.3,-0.31,-14.4,-5.5,-20,-0.2
Kevin Huerter,SG,22,ATL,28,890,11.9,0.539,0.537,0.08,2.5,9.8,6.2,17.8,1.9,0.5,10.4,16.6,0.7,0.6,1.4,0.075,-0.4,0.1,-0.3,0.4
Elijah Hughes,SF,22,UTAH,6,27,9.8,0.477,0.667,0.267,0,15,7.9,16.7,1.8,3,19.3,33,-0.1,0,0,-0.059,-3.2,-1.3,-4.5,0
DeAndre Hunter,SF,23,ATL,18,579,17.5,0.64,0.39,0.348,3,14.9,9,10.9,1.4,1.3,9.4,19.6,1.3,0.5,1.8,0.151,2.2,0.3,2.5,0.7
Chandler Hutchison,SF,24,WSH,7,64,0.5,0.344,0.167,0.111,1.8,32.4,17.4,7.8,0.7,0,20.9,15.8,-0.2,0.1,-0.1,-0.104,-9.4,-1.5,-10.9,-0.1
Serge Ibaka,C,31,LAC,29,701,18.2,0.593,0.287,0.164,9.1,21.5,15.5,10.6,0.5,4.6,11.7,20.5,1.2,0.9,2.1,0.143,1.1,-0.9,0.2,0.4
Andre Iguodala,SF,37,MIA,26,552,8.9,0.492,0.766,0.099,2.8,15.6,9.6,15.4,2.4,2.2,18.9,11.5,-0.2,0.8,0.6,0.053,-2.5,2.1,-0.4,0.2
Joe Ingles,SF,33,UTAH,25,665,16.7,0.694,0.675,0.173,1.8,11.6,6.9,25.2,0.7,0.6,16.2,16.3,2,0.8,2.7,0.198,3.3,0.8,4.1,1
Brandon Ingram,SF,23,NO,28,974,20.4,0.592,0.356,0.308,1.9,15.2,8.5,21.6,0.9,2.8,11,27.4,2.3,0.5,2.8,0.137,4.3,-1.2,3.1,1.2
Kyrie Irving,PG,28,BKN,20,707,25.3,0.647,0.346,0.213,3,11.1,7.3,26.6,1.4,1.7,9.9,29.6,2.6,0.4,3,0.203,6.1,-0.8,5.3,1.3
Wesley Iwundu,SF,26,NO,17,232,3.6,0.367,0.5,0.217,2.4,13.3,7.8,4.4,1.5,0.8,7.4,10.3,-0.3,0.1,-0.1,-0.028,-6.2,-0.2,-6.4,-0.3
Frank Jackson,PG,22,DET,7,39,1.5,0.344,0.625,0,0,15,7.2,30,1.3,0,20,22.2,-0.1,0,-0.1,-0.143,-7,-2.2,-9.2,-0.1
Josh Jackson,SG,23,DET,26,627,12.2,0.53,0.42,0.325,3.3,15.9,9.3,13.3,2,3.5,16.5,25.9,-0.7,0.7,0.1,0.005,-2.2,-0.2,-2.4,-0.1
Justin Jackson,SF,25,MIL,18,324,12.1,0.569,0.509,0.155,2.6,11.1,6.9,15.6,1,0.3,12.7,19,0.2,0.3,0.4,0.06,-1.2,-0.6,-1.8,0
Reggie Jackson,SG,30,LAC,27,562,13.3,0.534,0.462,0.196,1.9,12.4,7.3,21.8,1.6,0.5,10.7,19,0.7,0.5,1.2,0.103,-0.9,-0.7,-1.6,0.1
Justin James,SF,24,SAC,8,50,6.6,0.36,0.267,0.467,4.3,11.1,7.7,7.9,1,1.7,0,15.4,-0.1,0,-0.1,-0.063,-4.3,-3.6,-7.9,-0.1
LeBron James,PG,36,LAL,29,1006,24.2,0.6,0.355,0.318,2,23.6,13.2,38.4,1.4,1.3,14.8,31.4,2.3,1.9,4.2,0.2,5.8,1.3,7.2,2.3
DaQuan Jeffries,SG,23,HOU,3,41,3.5,0.25,0.5,0,5.3,10.8,8,6.1,3.5,4.1,14.3,14.6,-0.1,0,-0.1,-0.123,-7.7,-1.1,-8.9,-0.1
Isaiah Joe,SG,21,PHI,16,212,10.3,0.546,0.789,0.07,2.1,7.5,4.9,9.6,1.3,1.7,6.4,15.6,0.2,0.2,0.4,0.09,-1.4,-0.6,-2,0
Cameron Johnson,PF,24,PHX,27,686,13.2,0.588,0.687,0.133,2.8,12.8,7.9,8.3,1.2,1,7.8,17.5,0.8,0.7,1.5,0.105,1.1,-0.4,0.7,0.5
James Johnson,PF,33,NO,23,424,12.3,0.55,0.407,0.195,2.8,15.6,9.2,12.4,2.3,4.3,15.8,16.4,0,0.5,0.5,0.052,-2,1.9,-0.1,0.2
Keldon Johnson,SF,21,SA,27,812,15.3,0.556,0.26,0.321,5.8,18.5,12,10.9,1.2,1.5,10.2,20.7,0.7,1,1.7,0.101,-0.3,-0.7,-1,0.2
Stanley Johnson,PF,24,TOR,25,368,9.6,0.558,0.597,0.226,4.1,15.2,9.5,12.7,2.7,2.2,20.9,10,0.2,0.5,0.6,0.084,-2.5,2,-0.5,0.1
Tyler Johnson,SG,28,BKN,13,159,11.1,0.616,0.681,0.043,1.5,8.7,5.3,9,1.2,0,7.7,14.1,0.2,0,0.3,0.079,-0.7,-1.6,-2.3,0
Nikola Jokic,C,25,DEN,28,1006,31.4,0.656,0.207,0.3,9.3,25.9,17.5,40.6,2.2,1.7,14.1,29.4,4.9,1.4,6.3,0.3,9.1,2.3,11.4,3.4
Damian Jones,C,25,SAC,11,78,3.9,0.466,0.1,0.9,10.2,12.5,11.4,0,0.6,5.7,26.4,10.9,-0.1,0.1,0,0.019,-8.7,0.2,-8.5,-0.1
Derrick Jones Jr.,SF,23,POR,24,650,11.3,0.556,0.434,0.343,6.9,11.8,9.3,3.5,1.5,3.2,8.9,11.9,0.7,0.4,1.1,0.078,-2.3,-0.5,-2.8,-0.1
Mason Jones,SG,22,PHI,18,201,11.8,0.584,0.569,0.431,1.6,17.6,9.5,18.3,1.4,0,19.7,22.6,-0.1,0.2,0.2,0.046,-1.9,-0.7,-2.6,0
Tre Jones,PG,21,SA,9,27,19.6,0.634,0.083,0.417,14.9,0,7.7,5.8,0,0,12.3,25.7,0.1,0,0.1,0.151,2.7,-4.3,-1.5,0
Tyus Jones,PG,24,MEM,24,565,14.2,0.466,0.354,0.078,2.8,10.2,6.4,30.5,2.7,0.5,10.4,16.7,0.4,0.5,1,0.083,-0.8,0.3,-0.6,0.2
DeAndre Jordan,C,32,BKN,28,606,16.7,0.764,0,0.372,9.7,25.7,18.1,11.6,0.7,5.2,26.7,12.8,1.1,0.7,1.8,0.139,-0.4,1.5,1.1,0.5
Cory Joseph,PG,29,DET,27,534,10.8,0.551,0.355,0.174,2.2,9.3,5.7,16.4,2,0.9,14.8,15.6,0.3,0.1,0.4,0.034,-3.1,-0.5,-3.5,-0.2
Mfiondu Kabengele,PF,23,CLE,17,69,-0.8,0.343,0.522,0.174,1.7,15.8,9,5.5,1.4,2.6,16.8,19.1,-0.3,0.1,-0.2,-0.121,-11.3,-2.1,-13.4,-0.2
Frank Kaminsky,C,27,PHX,20,316,16.2,0.531,0.339,0.2,6.8,24,15.6,18.4,0.6,2.8,7.4,19.2,0.5,0.4,0.9,0.138,0.8,1.5,2.3,0.3
Enes Kanter,C,28,POR,28,702,21.9,0.611,0,0.278,16.7,31,23.5,6.7,1,2.8,11.5,18.1,2,0.7,2.7,0.184,1,-2.3,-1.3,0.1
Luke Kennard,SG,24,LAC,29,639,10.8,0.599,0.553,0.08,1.4,12.8,7.3,11.1,0.8,0.8,12.2,15.3,0.6,0.5,1.1,0.083,-0.8,-1.5,-2.2,0
Maxi Kleber,PF,29,DAL,17,435,11.4,0.639,0.744,0.209,4,19,11.5,7.6,0.7,2.8,9.6,10.5,0.7,0.3,1,0.106,-0.3,-0.6,-0.8,0.1
Nathan Knight,PF,23,ATL,9,54,16.9,0.549,0.409,0.364,16.2,11.8,14,2.8,1.8,4.8,13.6,23.3,0.1,0.1,0.1,0.102,-0.3,-0.6,-1,0
Kevin Knox,SF,21,NY,23,373,8.1,0.52,0.584,0.106,2.6,10.8,6.7,6.6,1.1,1.6,11.9,15.9,-0.1,0.4,0.3,0.043,-2,-0.4,-2.4,0
John Konchar,SG,24,MEM,16,264,13.3,0.555,0.393,0.286,6.5,19.3,12.7,8.6,3.3,1.7,11.3,11.4,0.3,0.4,0.7,0.122,-2.2,1.5,-0.6,0.1
Furkan Korkmaz,SG,23,PHI,18,351,8.1,0.496,0.577,0.123,1.3,12.7,7.2,5.5,1.8,0.5,11,18.5,-0.3,0.4,0.1,0.015,-3.2,-1.1,-4.3,-0.2
Luke Kornet,PF,25,BOS,6,43,3.7,0.302,0.786,0.143,0,22.9,11.6,5.8,2.2,2.1,6.3,15.7,-0.1,0.1,-0.1,-0.075,-5.4,-0.4,-5.8,0
Rodions Kurucs,SF-PF,22,MIL,14,73,3.2,0.383,0.7,0.1,2.9,14.6,8.8,7,3.2,2.4,25.1,16.3,-0.2,0.1,-0.1,-0.079,-8.5,1.9,-6.6,-0.1
Kyle Kuzma,SF,25,LAL,29,724,13.1,0.546,0.482,0.094,8.2,18.4,13.4,6.6,0.6,2.2,11.4,19.5,0.3,1.2,1.5,0.098,0,-0.9,-0.9,0.2
Jeremy Lamb,SG,28,IND,16,401,17.8,0.676,0.477,0.3,3.9,14.9,9.5,9.1,1.7,1.7,8.7,17.4,1,0.4,1.5,0.175,2.5,0.6,3,0.5
Zach LaVine,SG,25,CHI,27,962,22.7,0.649,0.42,0.272,2.6,14.4,8.6,24.7,1.5,1.1,14.9,30.7,2.3,0.9,3.1,0.156,4.9,-0.8,4.1,1.5
Jake Layman,SF,26,MIN,19,292,13,0.583,0.402,0.25,1.7,8.9,5.2,5,2.8,2.5,8.9,16.1,0.2,0.3,0.5,0.076,-2.3,0.3,-2,0
Damion Lee,SG,28,GS,29,561,11.2,0.609,0.791,0.158,2.3,15.5,9,10.4,1.4,0.5,7.5,12.1,0.7,0.7,1.4,0.12,-1.1,0,-1.1,0.1
Saben Lee,PG,21,DET,8,70,7,0.489,0.071,0.714,1.5,3.3,2.4,16,2.8,1.3,21.4,14.5,0,0.1,0,0.012,-6.4,0.9,-5.5,-0.1
Alex Len,C,27,WSH,13,216,19.5,0.673,0.2,0.431,7,22.1,14.3,12.7,1.5,6.4,16.2,17.7,0.4,0.3,0.7,0.147,0.1,1.9,2,0.2
Kawhi Leonard,SF,29,LAC,23,792,27.5,0.617,0.259,0.32,2.8,16,9.6,24.7,2.5,1.6,7.8,30.2,3,1.1,4.1,0.247,5.5,0.7,6.3,1.7
Caris LeVert,SG,26,IND,12,334,19.1,0.516,0.315,0.17,3.6,13.3,8.7,33.6,1.8,1.5,10.8,31.2,0.3,0.2,0.6,0.08,1.3,-0.7,0.6,0.2
Kira Lewis Jr.,PG,19,NO,17,223,11.7,0.491,0.333,0.23,1,6.5,3.7,18.7,2.2,0.5,7.7,19.8,0.1,0.1,0.2,0.049,-2.6,-1.2,-3.8,-0.1
Damian Lillard,PG,30,POR,27,969,27.1,0.625,0.529,0.379,1.4,12.2,6.5,36.2,1.5,0.7,11.7,32.2,4.2,0.3,4.5,0.225,7.7,-1.4,6.3,2.1
Nassir Little,PF,20,POR,13,141,16.3,0.717,0.45,0.225,7.2,12.7,9.8,3.1,0.7,2.6,13.7,15.5,0.3,0,0.4,0.132,1.6,-2,-0.4,0.1
Kevon Looney,C,24,GS,21,308,13.9,0.656,0.094,0.245,11.1,18.3,14.8,16,1.1,1.7,19.3,10,0.7,0.4,1.1,0.166,-1,0.8,-0.2,0.1
Brook Lopez,C,32,MIL,28,760,13.4,0.587,0.54,0.186,6,13.6,9.9,2.8,0.8,4.3,7.9,15.4,1,0.8,1.8,0.112,0,-0.9,-0.9,0.2
Robin Lopez,C,32,WSH,26,505,15,0.632,0.088,0.445,11.4,11.2,11.3,7.2,0.5,2.4,13.7,15.5,0.9,0.2,1.1,0.108,-0.7,-2,-2.6,-0.1
Kevin Love,PF,32,CLE,2,46,11.2,0.47,0.5,0.278,4.7,25,14.5,16,1.1,0,12.9,21.7,0,0,0,0.007,-1.2,-0.8,-2.1,0
Kyle Lowry,PG,34,TOR,25,859,16.3,0.601,0.539,0.264,2.4,15.5,8.7,28.1,1.6,0.5,16.4,21.9,1.5,0.7,2.2,0.124,1.3,-0.8,0.5,0.6
Timothy Luwawu-Cabarrot,SF,25,BKN,30,590,9.8,0.538,0.637,0.124,3.4,9.9,6.8,8.4,1.5,0.7,9.8,16.5,0.2,0.3,0.5,0.042,-1.7,-1.6,-3.3,-0.2
Trey Lyles,PF,25,SA,14,165,11.6,0.575,0.417,0.417,4.3,23.2,13.5,5.6,0,0,0,11.1,0.3,0.1,0.4,0.116,-0.5,-1.1,-1.6,0
Theo Maledon,PG,19,OKC,23,538,8.2,0.525,0.563,0.15,1,10.9,6,17.3,2,0.2,19.4,17,-0.4,0.6,0.1,0.011,-4.7,-0.5,-5.1,-0.4
Terance Mann,SG,24,LAC,27,407,11.2,0.537,0.255,0.34,7.1,17.4,12.4,10,1.6,1.1,14.3,13.7,0.3,0.5,0.8,0.094,-2.5,-0.1,-2.6,-0.1
Nico Mannion,PG,19,GS,6,36,7.8,0.305,0.692,0.308,0,22.8,11.6,43,2.6,0,11.9,19.7,-0.1,0.1,0,-0.01,-5.4,0.7,-4.7,0
Boban Marjanovic,C,32,DAL,15,108,21.2,0.544,0.056,0.241,20.2,30.7,25.4,1.6,0,0,4.8,25.5,0.2,0.1,0.3,0.134,1,-5.2,-4.3,-0.1
Lauri Markkanen,PF,23,CHI,14,426,17.2,0.654,0.546,0.243,2.1,19.7,11.1,4.3,1,1,10.5,22.8,0.6,0.4,1,0.117,1.8,-1.4,0.3,0.3
Naji Marshall,SF,23,NO,3,8,-0.4,0.174,0.5,1,0,27.8,13.9,14.3,0,0,0,15.3,0,0,0,-0.151,-7,-3,-10,0
Caleb Martin,SF,25,CHA,23,363,11.9,0.496,0.42,0.21,5.5,13.4,9.4,11.3,2.7,1.9,11,17.1,0,0.4,0.4,0.058,-1.6,0,-1.6,0
Cody Martin,SF,25,CHA,17,159,13.5,0.601,0.342,0.263,6.6,16.4,11.4,13.9,2.1,0,17.5,13.7,0.2,0.2,0.3,0.105,-1,0.2,-0.7,0.1
Kelan Martin,SF,25,IND,11,43,1.4,0.389,0.444,0,2.6,25.3,14.1,0,2.2,0,18.2,22.2,-0.2,0.1,-0.1,-0.153,-8.6,-1.9,-10.5,-0.1
Kenyon Martin Jr.,SF,20,HOU,7,69,9.1,0.394,0.148,0.185,12.1,17.1,14.6,8.6,1.4,6.2,14.6,21.1,-0.2,0.1,0,-0.027,-5.9,-0.6,-6.5,-0.1
Garrison Mathews,SG,24,WSH,20,322,13.9,0.619,0.8,0.432,2.5,7.4,4.9,4.2,2.6,1.1,2.6,14.9,0.7,0.2,0.9,0.136,-0.1,0.1,-0.1,0.2
Wesley Matthews,SG,34,LAL,22,449,8.2,0.58,0.811,0.167,2.1,5.3,3.7,7.1,1.1,1.5,7.6,10.1,0.4,0.6,1,0.11,-1.8,0.2,-1.5,0
Tyrese Maxey,SG,20,PHI,28,472,13.4,0.513,0.239,0.111,1.4,10.6,6.2,15.8,1.5,0.6,7.1,22.8,0.2,0.4,0.6,0.066,-1.8,-0.9,-2.7,-0.1
Skylar Mays,SG,23,ATL,10,68,19.3,0.605,0.444,0.37,4.8,7.8,6.3,16,1.4,0,3.1,20.3,0.2,0,0.3,0.19,4.3,-0.5,3.8,0.1
CJ McCollum,SG,29,POR,13,440,26.4,0.62,0.55,0.173,1.6,11.1,6.2,25.8,1.9,0.8,4.4,28.5,1.9,0.2,2.1,0.23,7.7,-0.7,6.9,1
T.J. McConnell,PG,28,IND,26,623,15.2,0.52,0.115,0.086,3.2,12,7.7,36.3,3.5,1.4,23.8,13.2,0.6,0.9,1.5,0.117,-0.4,2,1.7,0.6
Jaden McDaniels,PF,20,MIN,23,431,8,0.498,0.534,0.127,3.6,16.3,9.6,7.3,0.9,4.8,13.2,14,-0.2,0.4,0.1,0.014,-4.5,-0.1,-4.6,-0.3
Jalen McDaniels,SF,23,CHA,10,108,7.2,0.542,0.273,0.333,3.9,17.1,10.4,7.9,0.9,0,19.2,18.4,-0.1,0.1,0,-0.004,-5,-2.2,-7.2,-0.1
Doug McDermott,PF,29,IND,28,733,13.8,0.607,0.429,0.156,4.3,12.8,8.6,7.7,0.5,0.2,9.1,19.6,0.9,0.4,1.4,0.089,0.5,-2.2,-1.7,0.1
Sean McDermott,SF,24,MEM,6,92,7.6,0.656,0.733,0.267,3.5,6.2,4.8,4,0.5,1,15.2,9.1,0.1,0,0.1,0.059,-2.5,-2.2,-4.7,-0.1
JaVale McGee,C,33,DEN,20,313,16.5,0.502,0.119,0.326,11.6,28.6,19.8,10.4,1.4,7,13.9,24.6,-0.2,0.5,0.3,0.049,-2.7,0.5,-2.2,0
Rodney McGruder,SG,29,DET,8,64,11.1,0.591,0.368,0.158,5.1,11,7.9,14.5,0,1.4,16.4,16.4,0.1,0,0.1,0.056,-0.9,-1.7,-2.5,0
Alfonzo McKinnie,SF,28,LAL,14,44,22.7,0.704,0.313,0.25,15.8,14.7,15.3,3.5,1.1,0,5.3,18.5,0.2,0.1,0.2,0.254,4.6,-1.2,3.4,0.1
Jordan McLaughlin,PG,24,MIN,17,310,13.1,0.459,0.255,0.096,3,10.6,6.6,35.5,2.6,0.8,17,16,0.1,0.2,0.3,0.052,-1.5,-0.4,-1.9,0
Ben McLemore,SG,27,LAL,20,303,8.6,0.517,0.722,0.157,2.4,12.7,7.5,9.3,1.9,0.3,14.6,20.2,-0.3,0.4,0.1,0.012,-3.1,-0.9,-4,-0.2
Nicolo Melli,PF,30,DAL,13,137,5.8,0.43,0.786,0.179,1.6,20.3,10.9,10.7,2.1,0.8,16.6,11.3,-0.1,0.1,0,0.009,-4.8,1,-3.8,-0.1
De'Anthony Melton,PG,22,MEM,12,258,15.6,0.58,0.43,0.08,1.7,14.1,7.7,21.2,2,4.3,14.1,19.8,0.2,0.3,0.5,0.094,0,1.3,1.2,0.2
Sam Merrill,SG,24,MIL,9,55,12.5,0.643,0.8,0.2,5.9,13.1,9.6,21,0.9,0,21.6,10.6,0.1,0,0.2,0.14,1.1,-0.8,0.3,0
Chimezie Metu,C,23,SAC,11,71,20.3,0.545,0.1,0.3,16.8,18.7,17.7,10.6,2,7.1,15,24,0.1,0.1,0.1,0.089,-0.7,-0.5,-1.3,0
Khris Middleton,SF,29,MIL,28,924,20.1,0.632,0.376,0.224,2.4,16,9.3,24.8,1.5,0.4,13.6,23.7,2.5,0.9,3.4,0.177,3.5,-0.6,3,1.2
Patty Mills,PG,32,SA,27,687,14.7,0.598,0.618,0.124,1,6.8,3.8,15.6,1.2,0.1,8,20.2,1,0.5,1.5,0.106,1.6,-1.5,0.1,0.4
Paul Millsap,PF,35,DEN,26,621,17,0.63,0.413,0.312,7.4,17,12.2,9.6,1.7,2.2,10.8,16.9,1.3,0.6,2,0.152,1.6,-0.7,0.9,0.5
Shake Milton,SG,24,PHI,22,536,15.3,0.562,0.301,0.335,2.5,5.9,4.3,18.6,1.4,0.7,11,24.3,0.7,0.4,1.2,0.103,-0.7,-1.3,-2,0
Donovan Mitchell,SG,24,UTAH,27,908,18.9,0.559,0.445,0.261,3.2,10.3,6.9,25.3,1.3,0.9,12,31.4,1.6,1.1,2.7,0.145,2.7,-1,1.7,0.8
Adam Mokoka,SG,22,CHI,7,42,5.4,0.393,0.571,0,2.7,7.8,5.3,12.6,2.2,2.1,12.5,16.2,-0.1,0,0,-0.031,-5.8,-0.8,-6.6,0
Malik Monk,SG,22,CHA,15,316,13,0.613,0.55,0.167,1.7,10.3,5.9,12.6,0.6,0.6,11.7,19.6,0.4,0.1,0.5,0.08,0.6,-2,-1.4,0
E'Twaun Moore,SG,31,PHX,14,227,8.7,0.49,0.26,0.11,2.5,7.2,4.9,13.6,2.4,0.4,14.5,17.7,-0.2,0.3,0.1,0.023,-5,0.7,-4.3,-0.1
Ja Morant,PG,21,MEM,16,484,18.7,0.544,0.218,0.361,2.7,8.7,5.6,41.6,1.4,0.8,15.6,28.7,0.6,0.3,0.9,0.09,1.9,-2.9,-1,0.1
Juwan Morgan,PF,23,UTAH,12,64,7.5,0.524,0.692,0.231,5.2,15.8,10.8,6.2,2.3,0,12.3,10.9,0,0.1,0.1,0.092,-4.1,1.7,-2.4,0
Marcus Morris,PF,31,LAC,21,524,15,0.609,0.502,0.185,3.5,13.3,8.6,5,1.1,1,8.4,21,0.8,0.5,1.3,0.116,1,-1.8,-0.8,0.2
Markieff Morris,PF,31,LAL,23,353,8.9,0.52,0.667,0.194,4.6,20.2,12.7,7.4,0.5,1.5,10.6,13.9,0.1,0.6,0.7,0.093,-2.2,-0.3,-2.6,0
Monte Morris,PG,25,DEN,27,701,14.9,0.583,0.38,0.205,1.1,8.1,4.6,17.8,1.3,1,6.4,16.5,1.4,0.4,1.8,0.123,1.1,-1.4,-0.3,0.3
Mychal Mulder,PG,26,GS,28,303,11.2,0.67,0.857,0.131,0.4,8.5,4.5,5.5,0.9,1.7,5.3,13.1,0.4,0.3,0.7,0.109,-0.9,-0.4,-1.4,0.1
Dejounte Murray,PG,24,SA,27,821,16.4,0.512,0.238,0.155,2.1,22.9,12.2,25,2.4,0.2,10.1,23.2,0.2,1.3,1.5,0.087,-0.7,1,0.3,0.5
Mike Muscala,C,29,OKC,26,495,14.6,0.606,0.692,0.162,3,17,10.1,7.3,0.7,1.2,7.4,20,0.6,0.5,1.1,0.105,0.8,-1.4,-0.6,0.2
Sviatoslav Mykhailiuk,SF,23,OKC,27,417,11.6,0.536,0.767,0.16,1.8,12.1,6.7,12.2,2,1.1,10.1,18.5,0.1,0.4,0.5,0.056,-0.4,-0.4,-0.9,0.1
Abdel Nader,SF,27,PHX,12,172,14.8,0.615,0.403,0.29,0,18.3,9.3,9.5,1.4,0.5,10.3,20.3,0.2,0.2,0.4,0.112,-0.2,1,0.8,0.1
Larry Nance Jr.,PF,28,CLE,19,635,13.2,0.571,0.434,0.145,4.6,18.4,11.3,13.7,2.9,1.4,15.4,12.3,0.4,0.7,1.2,0.088,-1,2,1,0.5
Aaron Nesmith,SF,21,BOS,13,191,4.4,0.489,0.809,0.149,4,13.8,8.8,4.8,0,1.9,15.2,13.2,-0.1,0.1,0,0.004,-4.6,-1.5,-6.1,-0.2
Raul Neto,PG,28,WSH,21,396,13.6,0.564,0.404,0.142,2.6,10.1,6.2,12.9,2.5,0.4,8,17,0.4,0.3,0.7,0.08,-1.1,-0.2,-1.3,0.1
Georges Niang,PF,27,UTAH,29,381,8.3,0.51,0.684,0.037,2.9,14.4,8.9,8.1,1.4,0.6,12.1,17.7,-0.1,0.5,0.5,0.059,-3.3,0.2,-3.1,-0.1
Zeke Nnaji,PF,20,DEN,15,112,12.5,0.652,0.625,0.125,5,8.1,6.6,0,0.4,0.9,0,13.1,0.2,0,0.3,0.117,1,-3.1,-2.1,0
Nerlens Noel,C,26,NY,25,475,14.3,0.57,0.026,0.282,9.4,19.7,14.7,3.6,2.4,9.9,20.8,10.3,0.1,1.2,1.3,0.131,-3.2,3.7,0.5,0.3
Jaylen Nowell,SG,21,MIN,15,236,15.3,0.565,0.414,0.241,3.5,8.7,5.9,9.7,1.2,1.4,6.6,24.5,0.3,0.1,0.4,0.076,-0.2,-1.8,-2,0
Frank Ntilikina,PG,22,NY,4,42,12.4,0.587,0.643,0.214,2.5,7.4,5,10.8,3.6,0,11.5,18.2,0,0.1,0.1,0.113,-1.7,3,1.2,0
Kendrick Nunn,PG,25,MIA,20,567,12.3,0.577,0.482,0.106,1.9,10.3,6.3,13.2,1.9,0.7,14.8,21.8,-0.1,0.6,0.4,0.037,-1.5,-0.3,-1.7,0
Jusuf Nurkic,C,26,POR,12,280,16.1,0.514,0.117,0.262,8.4,27.5,17.5,17.5,1.9,3.7,16.7,21.1,0.1,0.3,0.4,0.065,-2.6,0,-2.6,0
David Nwaba,SF,28,HOU,24,560,13.4,0.553,0.315,0.298,5.4,11.3,8.3,6.9,2.2,2.8,7.3,15.6,0.5,0.8,1.3,0.114,-2,1.1,-0.8,0.2
Jordan Nwora,SF,22,MIL,10,82,12.9,0.616,0.432,0.27,1.3,17.6,9.7,0,2.3,2.2,19.5,26.3,-0.1,0.1,0,0.023,-3.6,-1.9,-5.4,-0.1
Royce O'Neale,SF,27,UTAH,29,944,10.5,0.635,0.704,0.154,3.9,17.8,11.2,9.1,1.2,1.6,15.5,9.7,1.2,1.5,2.7,0.135,-1.1,1.7,0.6,0.6
Semi Ojeleye,PF,26,BOS,27,530,9.2,0.568,0.703,0.195,3.5,14.7,8.9,5.8,0.7,0,7.9,12.2,0.5,0.4,0.9,0.08,-0.9,-1.1,-2,0
Jahlil Okafor,C,25,DET,12,120,15.6,0.595,0.071,0.048,11.7,13.6,12.6,4.3,0.8,1.5,8.5,16.9,0.2,0.1,0.2,0.099,-0.6,-2.5,-3.1,0
Chuma Okeke,PF,22,ORL,13,282,9.4,0.462,0.5,0.103,5.7,10.7,8.1,13.1,1.9,1.3,12.9,10.5,0,0.3,0.3,0.055,-2.6,0.2,-2.4,0
Josh Okogie,SG,22,MIN,23,467,7.7,0.454,0.418,0.345,4.8,9,6.8,7.6,1.9,2.5,11.8,12.9,-0.2,0.3,0.1,0.015,-4.7,-0.3,-5,-0.4
Onyeka Okongwu,C,20,ATL,9,93,12.2,0.556,0,0.632,7,21.8,14.5,6,2.1,5.6,17.1,13.4,0,0.1,0.2,0.09,-4.3,2,-2.3,0
Isaac Okoro,SG,20,CLE,24,792,5.6,0.47,0.376,0.271,2.8,5.2,4,7.8,1.7,1.1,14.8,12.1,-0.5,0.4,-0.1,-0.007,-5.2,-0.6,-5.8,-0.7
KZ Okpala,PF,21,MIA,14,168,3.2,0.49,0.613,0.194,2.8,10.1,6.7,5,0.9,1.2,19.2,11,-0.2,0.1,0,-0.013,-6.2,-1.3,-7.6,-0.2
Victor Oladipo,SG,28,MIA,20,640,14.5,0.501,0.418,0.209,0.7,16.9,8.8,23.2,2,1.1,10.4,28.5,-0.4,0.9,0.5,0.037,-0.2,-0.5,-0.7,0.2
Kelly Olynyk,C,29,HOU,27,703,12,0.558,0.725,0.092,4.6,19.5,12.5,11.8,1.5,2.6,12.8,17.3,0.1,1,1.1,0.074,-0.8,0.4,-0.4,0.3
Miye Oni,SG,23,UTAH,23,185,6,0.505,0.839,0.194,7.2,15.9,11.7,4.1,0.8,1.7,17.2,9.4,0,0.3,0.3,0.079,-4.1,0.5,-3.6,-0.1
Cedi Osman,SF,25,CLE,29,766,11.2,0.499,0.559,0.133,2.8,11.5,7,14.8,1.6,0.4,8.3,20.4,0.2,0.4,0.6,0.035,-0.9,-1,-1.9,0
Daniel Oturu,C,21,LAC,10,42,21.6,0.63,0.067,0.133,13.8,23.4,18.7,14.5,0,6.4,11.2,18.8,0.1,0.1,0.2,0.213,0.2,0.3,0.5,0
Kelly Oubre Jr.,SF,25,GS,29,853,12.4,0.51,0.421,0.226,5.1,15.6,10.5,7.1,1.7,2.4,9,22.1,-0.3,1.2,0.9,0.051,-2.5,-0.3,-2.8,-0.2
Eric Paschall,PF,24,GS,26,459,15,0.571,0.179,0.313,5.3,14.5,10,11.3,0.5,0.6,8,23,0.5,0.4,0.9,0.099,-0.6,-1.8,-2.5,-0.1
Patrick Patterson,PF,31,LAC,10,130,8.4,0.566,0.737,0.105,3.6,13.4,8.6,5.1,1.1,0.7,15,15.9,0,0.1,0.1,0.042,-2,-1.2,-3.1,0
Chris Paul,PG,35,PHX,26,843,20.4,0.589,0.296,0.204,2,13.8,8,38.9,1.9,0.7,13.9,23.4,2.2,1.1,3.2,0.183,2.7,1.2,3.9,1.3
Cameron Payne,PG,26,PHX,16,275,13.5,0.57,0.427,0.101,0.8,11,6,30,1.6,1,17,18.3,0.3,0.3,0.6,0.111,-0.7,0.9,0.2,0.2
Elfrid Payton,PG,26,NY,30,831,11.9,0.484,0.158,0.161,4.9,9.5,7.3,20.9,1.1,0.7,13.1,23.2,-0.4,0.9,0.5,0.028,-2.3,-1.1,-3.4,-0.3
Norvel Pelle,F-C,27,NY,3,28,2.1,0.429,0,0,12.8,15.1,14,0,0,8.8,30,15.4,-0.1,0,0,-0.074,-9.8,0.1,-9.7,-0.1
Reggie Perry,PF,20,BKN,14,147,9.7,0.455,0.235,0.176,13.8,24.5,19.5,10.7,0.6,2.8,16.7,19.4,-0.1,0.1,0.1,0.017,-5.2,-1.6,-6.8,-0.2
Theo Pinson,SG,25,NY,9,21,-9.7,0.143,0.857,0,0,4.9,2.5,0,0,0,0,14.7,-0.1,0,-0.1,-0.223,-13.7,-3.7,-17.4,-0.1
Mason Plumlee,C,30,DET,26,726,17.2,0.622,0.027,0.372,11.7,24.3,17.8,19.3,1.6,2.2,19.9,15.8,1.3,0.9,2.1,0.142,-0.3,1.2,0.9,0.5
Jakob Poeltl,C,25,SA,27,600,16.5,0.582,0,0.29,13.6,19.1,16.3,10.5,1.3,5.8,17.3,12.8,0.8,1,1.8,0.14,-1,0.8,-0.2,0.3
Aleksej Pokusevski,PF,19,OKC,17,296,2.4,0.301,0.602,0,1.8,19.1,10.6,9.6,1.3,5.6,19.1,16.8,-1.2,0.4,-0.8,-0.127,-7.5,0.3,-7.2,-0.4
Jordan Poole,SG,21,GS,15,143,14.6,0.598,0.639,0.311,1.5,11.5,6.6,13.4,1,1.2,10.3,22.9,0.2,0.1,0.3,0.108,0.2,-0.8,-0.6,0.1
Michael Porter Jr.,SF,22,DEN,18,486,17.3,0.594,0.526,0.155,4.9,20.8,12.8,5.7,1.9,4.2,8.4,20.2,0.7,0.7,1.3,0.129,1.7,-0.8,0.9,0.3
Otto Porter,SF,27,ORL,16,372,16.5,0.582,0.486,0.25,6.1,23.5,14.9,12.2,1.1,0.7,8.6,20,0.6,0.4,1,0.131,1.5,-1.1,0.3,0.2
Bobby Portis,C,25,MIL,28,610,20.9,0.622,0.246,0.111,9.8,25.2,17.7,7.2,1.9,1.6,7.4,19.6,1.5,0.9,2.4,0.189,2.6,-0.5,2.1,0.6
Kristaps Porzingis,C,25,DAL,17,509,21.2,0.576,0.387,0.197,7.5,22.8,15.1,7.4,0.6,5,6.5,27.9,0.9,0.5,1.3,0.123,2,-1.3,0.7,0.3
Dwight Powell,C,29,DAL,17,277,12.7,0.599,0.149,0.957,7.9,16.3,12.1,7.6,2.3,2.1,14.1,12.3,0.4,0.3,0.7,0.118,-2.6,1,-1.6,0
Norman Powell,SG,27,POR,26,735,15.3,0.609,0.451,0.289,1.6,10,5.6,8,1.8,0.6,9.6,22.3,1,0.5,1.6,0.103,0,-0.8,-0.8,0.2
Taurean Prince,PF,26,CLE,15,374,11.7,0.525,0.483,0.217,2.9,16.6,9.5,15.2,1.4,2.7,13.2,17.4,0.1,0.3,0.4,0.052,-0.6,-0.5,-1.1,0.1
Payton Pritchard,SG,23,BOS,22,472,11.9,0.608,0.561,0.094,2.5,10.4,6.4,15.9,1.3,1,16.2,15.7,0.5,0.4,0.9,0.092,-0.9,-0.5,-1.4,0.1
Immanuel Quickley,PG,21,NY,26,505,18.4,0.553,0.469,0.313,2.1,10.4,6.3,22.6,1.1,1.8,7.6,27.6,1,0.6,1.6,0.151,2.6,-0.2,2.4,0.6
Jahmi'us Ramsey,SG,19,SAC,4,16,11.5,0.625,0.75,0,0,27.7,13.7,8.3,0,5.3,20,13.3,0,0,0,0.02,-2,-1.9,-3.9,0
Chasson Randle,G,27,ORL,1,19,1.3,0.25,0.5,0,0,11.4,5.5,34.8,0,0,20,11.2,0,0,0,-0.052,-11.8,-1.6,-13.3,-0.1
Julius Randle,PF,26,NY,30,1101,20.7,0.589,0.267,0.379,4,26.6,15.5,25.8,1,0.5,14.2,27.6,1.9,1.7,3.6,0.159,3.3,0.8,4.2,1.7
Cam Reddish,SF,21,ATL,24,692,9.3,0.498,0.483,0.318,3,11.7,7.4,7.1,1.9,1,10.4,18.9,-0.2,0.6,0.4,0.028,-3,-0.4,-3.5,-0.3
J.J. Redick,SG,36,DAL,25,456,10.1,0.558,0.701,0.216,0.7,8.5,4.6,8.3,0.9,0.5,9.9,18.9,0.4,0,0.4,0.045,-1.4,-2,-3.4,-0.2
Paul Reed,PF,21,PHI,5,55,8.6,0.409,0.136,0,14.4,5.8,10,7.8,0.9,6.5,18.5,20.7,-0.1,0.1,-0.1,-0.05,-6.1,-2,-8.1,-0.1
Naz Reid,C,21,MIN,27,581,18.9,0.607,0.292,0.252,6.3,18.7,12.2,10.1,1.5,4.7,10,22.3,0.9,0.6,1.5,0.126,0.1,0.1,0.2,0.3
Nick Richards,PF,23,CHA,8,23,13.3,0.637,0,1,9.1,18.9,13.9,0,0,0,10.4,17.8,0.1,0,0.1,0.143,-3.3,-2.4,-5.7,0
Josh Richardson,SG,27,DAL,19,601,11,0.549,0.5,0.23,3.5,6.6,5,12,1.3,0.6,10.8,17.6,0.5,0.2,0.6,0.05,-1.7,-1.6,-3.2,-0.2
Austin Rivers,SG,28,DEN,21,442,9.7,0.545,0.57,0.104,1.2,9.8,5.6,14.1,1.4,0,13.5,16.3,0.1,0.5,0.6,0.06,-2.3,-0.7,-3,-0.1
Duncan Robinson,SF,26,MIA,28,931,8.8,0.607,0.86,0.151,0.1,12,6.4,6.9,0.6,0.8,12.4,15.8,0.2,0.7,0.9,0.046,-1.3,-1.5,-2.7,-0.2
Mitchell Robinson,C,22,NY,27,778,17.5,0.647,0,0.295,13.3,17.1,15.2,2.7,2.1,5.2,11.1,11.3,1.5,1.5,3,0.185,-0.4,1.2,0.8,0.6
Isaiah Roby,PF,22,OKC,22,445,16.2,0.605,0.255,0.307,8.5,18,13.3,11.7,1.6,2.7,12.9,17.4,0.7,0.6,1.3,0.136,-1.3,0.5,-0.8,0.1
Rajon Rondo,PG,34,LAC,14,214,8.9,0.421,0.473,0.036,2,13.9,8.1,34.6,2,0.4,25.4,14.9,-0.2,0.2,0,0.007,-3.2,-0.3,-3.5,-0.1
Derrick Rose,G,32,NY,5,103,17,0.503,0.18,0.26,1,13,7.1,27.5,2.4,2.9,12.6,27.3,0,0.2,0.2,0.071,-0.5,0.8,0.4,0.1
Terrence Ross,SG,29,ORL,28,806,12.6,0.53,0.427,0.199,1,11,5.8,12,1.6,1.7,11.2,24.1,-0.1,0.8,0.6,0.037,-1.4,-1,-2.4,-0.1
Terry Rozier,SG,26,CHA,26,867,18.3,0.625,0.505,0.184,1.8,11.4,6.5,14.6,1.8,1.4,9.5,23.2,1.6,0.8,2.4,0.133,3.2,-0.6,2.6,1
Ricky Rubio,PG,30,MIN,27,679,11.2,0.475,0.32,0.293,1.7,13.4,7.2,35.1,2.4,0,21.5,16.1,0,0.5,0.5,0.038,-3.7,-0.7,-4.4,-0.4
D'Angelo Russell,PG,24,MIN,20,583,16.4,0.544,0.454,0.196,1.6,8.4,4.8,28.9,1.8,1.4,13.2,29.4,0.2,0.3,0.5,0.04,2.3,-1.8,0.4,0.4
Domantas Sabonis,PF,24,IND,29,1055,20.7,0.595,0.18,0.376,8.6,26.4,17.6,24.3,1.3,1.6,15.8,25.6,1.9,1.4,3.3,0.151,2.7,0.8,3.4,1.4
Luka Samanic,PF,21,SA,4,11,9.9,0.509,0.5,0.333,0,0,0,0,0,0,0,26.8,0,0,0,-0.004,2.9,-5.9,-3,0
JaKarr Sampson,PF,27,IND,13,78,12.1,0.51,0.12,0.4,10,26.5,18.4,0,0.6,3.3,9.3,18,0,0.1,0.1,0.073,-3.6,-1.8,-5.4,-0.1
Dario Saric,PF,26,PHX,10,181,16.7,0.574,0.438,0.3,4.4,19.8,12.3,10.1,2.7,1,13.4,25.9,0.1,0.3,0.4,0.105,-1,0.4,-0.5,0.1
Tomas Satoransky,SG,29,CHI,16,320,14.3,0.62,0.342,0.288,1.8,13,7.5,32,1.5,0.8,22.6,14.1,0.6,0.3,0.9,0.128,-0.2,0.4,0.1,0.2
Dennis Schroder,SG,27,LAL,29,902,12.6,0.541,0.27,0.333,2.2,10.5,6.5,19.7,1.5,0.6,14.5,21.5,0.5,1.4,1.8,0.097,-1.8,-0.3,-2.1,0
Mike Scott,PF,32,PHI,11,193,3.9,0.456,0.792,0.063,2.4,13.7,8.2,0.7,0.7,0.9,9.2,11.9,-0.2,0.2,0,0.002,-4.6,-1.9,-6.6,-0.2
Collin Sexton,SG,22,CLE,24,847,17.3,0.574,0.206,0.319,2.3,5.8,4,21.1,1.5,0.4,11,27.1,1.2,0.3,1.5,0.085,1.6,-1.5,0.1,0.4
Landry Shamet,SG,23,BKN,26,494,9.1,0.544,0.728,0.204,1.2,7.5,4.5,9.1,1.2,0.7,10.6,17.3,0.2,0.2,0.3,0.031,-2.4,-1.6,-4,-0.3
Pascal Siakam,PF,26,TOR,25,895,17.6,0.541,0.248,0.305,6.6,17.8,12,20.1,1.6,1.7,10.5,25.4,1.2,0.9,2.1,0.113,0.5,-0.8,-0.2,0.4
Chris Silva,PF,24,SAC,6,53,16.2,0.805,0.111,1.333,15.7,22.1,19.1,16.7,0.9,3.9,35.9,18.7,0.1,0.1,0.2,0.172,-3.2,1.1,-2,0
Ben Simmons,PG,24,PHI,25,835,19.9,0.599,0.023,0.508,5.4,21.2,13.6,35,2.4,2.1,20.9,20.3,1.5,1.3,2.8,0.163,1.6,2.6,4.2,1.3
Anfernee Simons,SG,21,POR,25,447,12.7,0.582,0.712,0.125,1.4,13,6.9,10.2,0.7,1,9.8,20.6,0.5,0.1,0.6,0.065,0.7,-2.3,-1.6,0
Deividas Sirvydis,SG,20,DET,4,5,-9.8,0,1,0,0,0,0,25.5,0,0,0,17.3,0,0,0,-0.344,-13.5,-7.9,-21.4,0
Marcus Smart,PG,26,BOS,17,549,14.6,0.516,0.479,0.33,1.4,8.3,4.8,26.4,2.8,1.5,12.2,19.1,0.6,0.6,1.2,0.106,0,0.2,0.3,0.3
Dennis Smith Jr.,G,23,DET,4,57,9.3,0.464,0.348,0.174,3.8,8.2,5.9,22.4,0,1.6,13.9,21.8,0,0,0,-0.028,-2.7,-3.2,-5.9,-0.1
Ish Smith,PG,32,WSH,19,391,10.6,0.404,0.172,0.129,2.6,15.5,8.8,31.1,1.8,0.9,13.4,15,-0.1,0.3,0.1,0.018,-2.2,-0.3,-2.5,0
Jalen Smith,PF,20,PHX,8,50,7.7,0.391,0.412,0.118,11.3,10.8,11.1,5.5,0,3.5,5.3,16.9,0,0,0,0.001,-2,-1.9,-3.9,0
Tony Snell,SG,29,ATL,15,193,7.3,0.575,0.725,0,3.4,9.9,6.7,9.9,0.3,0.9,13,10.2,0.1,0.1,0.2,0.052,-1.5,-0.8,-2.3,0
Cassius Stanley,SG,21,IND,8,23,6.9,0.489,0.286,0.714,9.7,4.7,7.2,0,0,7.5,9.8,19.2,0,0,0,0.042,-6.3,-1.6,-7.9,0
Lamar Stevens,PF,23,CLE,18,265,9.2,0.461,0.195,0.351,2.8,16.9,9.6,10.3,1.5,1.7,8.3,15.7,-0.1,0.2,0.1,0.024,-4.1,-0.2,-4.3,-0.2
Isaiah Stewart,C,19,DET,26,466,14.1,0.556,0.037,0.275,14.8,19.1,16.8,5.5,1.4,4.7,14.1,13.2,0.6,0.6,1.1,0.115,-2.7,-0.1,-2.9,-0.1
Max Strus,SF,24,MIA,16,235,13.8,0.699,0.81,0.114,0.5,7.3,4.1,5.5,0.4,0,3.5,16.3,0.5,0.1,0.6,0.123,2,-1.3,0.7,0.2
Edmond Sumner,SG,25,IND,16,150,11.4,0.572,0.333,0.292,4.5,10.9,7.7,7.5,2.6,0.6,15.6,18.6,0,0.2,0.2,0.053,-3.4,0.3,-3.1,0
Jae'Sean Tate,SF,25,HOU,28,763,13.4,0.615,0.284,0.225,6.3,13.5,9.9,9.8,1.5,1.9,12.8,14.4,1,1,2,0.126,-1.7,0.7,-1,0.2
Jayson Tatum,SF,22,BOS,23,810,21.4,0.561,0.338,0.238,1.7,20.9,11.1,23,1.7,1,9.6,30.9,1.4,1,2.4,0.142,4.6,0,4.6,1.4
Jeff Teague,PG,32,MIL,23,397,8.2,0.443,0.292,0.231,1.9,8.6,5.2,15.7,2.6,0.7,14.9,18.1,-0.4,0.4,0,0.004,-4.2,-0.3,-4.5,-0.2
Garrett Temple,SG,34,CHI,26,715,9.6,0.551,0.563,0.137,2.1,10.2,6.2,9.4,1.8,1.6,11.4,14,0.3,0.7,0.9,0.063,-2.7,0.1,-2.6,-0.1
Tyrell Terry,PG,20,DAL,11,56,6,0.318,0.438,0.188,0,11.8,5.9,14.2,4.3,0,10.4,15.1,-0.1,0.1,-0.1,-0.067,-7.7,2.2,-5.5,-0.1
Daniel Theis,C,28,CHI,26,623,15.5,0.653,0.345,0.244,5.9,18.2,11.9,8.4,1.2,3.9,12.7,14.6,1.1,0.7,1.9,0.145,-0.2,0.7,0.5,0.4
Matt Thomas,SG,26,UTAH,14,84,10.5,0.588,0.75,0.143,1.3,10.9,5.9,10.1,1.1,0,11.8,17.1,0.1,0,0.1,0.063,-1.1,-1.7,-2.8,0
Tristan Thompson,PF,29,BOS,26,586,13.6,0.533,0.014,0.37,14.1,27.3,20.5,5,0.7,1.4,12.4,14.1,0.6,0.7,1.3,0.107,-1.5,-1.6,-3.1,-0.2
Matisse Thybulle,SG,23,PHI,26,461,9.1,0.481,0.627,0.145,2,6,4,5.5,4.2,4.2,8.3,8.8,0,0.8,0.8,0.087,-3.2,4.2,1,0.4
Xavier Tillman Sr.,PF,22,MEM,19,402,15,0.599,0.202,0.134,6.9,16.6,11.7,10.7,2.3,2.7,11.9,15.1,0.5,0.5,1,0.12,-1.5,0.7,-0.8,0.1
Obi Toppin,PF,22,NY,20,240,12.7,0.561,0.446,0.12,2.2,18.4,10.5,5.9,0.8,3.7,10.3,17.9,0.1,0.4,0.4,0.083,-1.5,0.4,-1.1,0.1
Juan Toscano-Anderson,SG,27,GS,16,349,12.4,0.647,0.347,0.187,3.7,18.8,11.4,14,1.2,2.8,17.3,11.9,0.4,0.5,0.9,0.124,-1.6,1,-0.6,0.1
Karl-Anthony Towns,C,25,MIN,9,298,23.9,0.633,0.309,0.316,9.6,25.5,17.1,16.6,1.4,4.7,13.9,25.4,0.7,0.4,1.1,0.173,3.4,0.9,4.3,0.5
Gary Trent Jr.,SG,22,TOR,26,785,14,0.585,0.578,0.114,1.7,6,3.7,6.8,1.2,0.5,4.7,19.5,1.3,0.1,1.4,0.084,1.1,-2.3,-1.2,0.2
P.J. Tucker,PF,35,MIL,26,780,5.5,0.511,0.652,0.152,3.5,12.9,8.1,6,1.3,1.5,18.4,8,-0.1,0.9,0.8,0.051,-4.9,0.4,-4.5,-0.5
Myles Turner,C,24,IND,27,842,17,0.615,0.474,0.336,4.5,18.5,11.6,4.4,1.7,9.6,11.3,16.9,0.9,1.6,2.4,0.14,-0.7,2.2,1.4,0.7
Jonas Valanciunas,C,28,MEM,19,522,22.1,0.639,0.099,0.363,12.5,31.3,21.6,11.6,1.1,2.6,14.3,23.3,1.2,0.7,1.8,0.169,1.5,-0.4,1,0.4
Denzel Valentine,SG,27,CHI,23,462,11.8,0.511,0.606,0.032,2,19.4,10.8,12.4,1.7,0.2,6.4,18.7,0.1,0.5,0.6,0.062,-0.9,-0.8,-1.7,0
Jarred Vanderbilt,PF,21,MIN,27,517,16.7,0.602,0.018,0.451,9.9,24.6,16.8,12.9,2.8,2.9,15.6,13.1,0.7,0.7,1.5,0.135,-1.4,1.3,-0.1,0.3
Fred VanVleet,SG,26,TOR,28,1020,18.3,0.56,0.525,0.219,2.1,11,6.4,27.9,2.3,1.9,10.2,23.7,2,1,3,0.14,2.9,-0.1,2.8,1.2
Devin Vassell,SF,20,SA,26,451,12.5,0.529,0.5,0.167,3.6,15.8,9.5,8.2,3.1,1.7,8.1,14,0.2,0.7,0.9,0.1,-1.7,1.9,0.2,0.3
Gabe Vincent,PG,24,MIA,18,292,5.5,0.462,0.612,0.147,1.6,6.6,4.2,14.2,1.2,0.4,12.7,21.6,-0.5,0.2,-0.3,-0.044,-5.9,-1.9,-7.8,-0.4
Nikola Vucevic,C,30,CHI,29,974,23.4,0.564,0.318,0.134,6.1,30.6,17.9,19.3,1.6,1.5,7.5,28.5,1.7,1.4,3.2,0.155,5.6,0,5.5,1.9
Dean Wade,PF,24,CLE,23,192,6.1,0.479,0.673,0.102,4.5,12.6,8.4,7.2,1.3,0.9,16.3,13.7,-0.1,0.1,0,-0.01,-4.1,-1.3,-5.4,-0.2
Kemba Walker,PG,30,BOS,13,364,14.2,0.5,0.487,0.21,2.1,12.9,7.3,22,1.9,0.5,12,28.4,0,0.3,0.3,0.043,0.7,-0.9,-0.3,0.2
Lonnie Walker,SG,22,SA,25,666,8.6,0.509,0.442,0.141,0.8,10.9,5.7,8.8,0.9,1.1,9,18.7,-0.3,0.6,0.2,0.018,-2.9,-1.7,-4.6,-0.4
John Wall,PG,30,HOU,19,591,17.3,0.539,0.347,0.281,1.8,10.9,6.3,34.7,1.5,1.9,15.5,30.7,0,0.7,0.7,0.061,1.9,-1,0.9,0.4
Brad Wanamaker,PG,31,CHA,29,465,9.2,0.467,0.388,0.371,1.4,10.1,5.8,21.4,2.3,0.8,15.1,14.5,0,0.6,0.6,0.059,-4.4,0.8,-3.7,-0.2
T.J. Warren,SF,27,IND,4,117,12,0.56,0.137,0.196,1.9,11.1,6.6,6.7,0.8,0,6.7,22,0.1,0.1,0.1,0.054,-3,-2.5,-5.5,-0.1
P.J. Washington,PF,22,CHA,24,691,12.8,0.516,0.342,0.281,6.1,18.4,12.1,14.9,1.5,4.5,15.9,19,0,0.9,0.9,0.061,-1.9,0.5,-1.4,0.1
Yuta Watanabe,SF,26,TOR,18,223,11.1,0.514,0.549,0.157,7.7,22.1,14.6,4.1,1.9,5,12.8,12,0.1,0.3,0.4,0.085,-2,0,-2,0
Tremont Waters,PG,23,BOS,9,90,5.4,0.36,0.444,0.296,2.4,7.6,5,35.7,2.7,0,29.9,20.7,-0.3,0.1,-0.2,-0.09,-4.9,-2.1,-7,-0.1
Paul Watson,SF,26,TOR,13,42,23,0.929,0.786,0,2.5,21.8,11.8,7.6,0,4.9,6.7,15.2,0.2,0,0.2,0.244,7.2,1.6,8.8,0.1
Quinndary Weatherspoon,SG,24,SA,5,24,-10.2,0.34,0.2,0.4,0,8.9,4.3,15.2,2,0,50.5,21.2,-0.2,0,-0.2,-0.31,-18.3,-3.9,-22.2,-0.1
Russell Westbrook,PG,32,WSH,19,631,14.4,0.469,0.229,0.285,5.4,24.9,14.9,45.3,1.2,1,19.7,31.2,-1,0.5,-0.4,-0.034,-0.1,-1.7,-1.8,0
Coby White,PG,20,CHI,27,904,10.9,0.522,0.492,0.161,1.1,14.4,7.9,22.8,0.5,0.3,14.2,21.8,0.1,0.5,0.6,0.034,-1.6,-2.3,-3.9,-0.4
Derrick White,SG,26,SA,8,189,15,0.508,0.512,0.174,0.5,7.3,3.8,24,2,3.6,7,22.6,0.1,0.2,0.3,0.087,0.7,0.8,1.5,0.2
Hassan Whiteside,C,31,SAC,20,296,22.2,0.617,0.009,0.451,11.3,30.6,20.9,4.7,1,7.7,12.3,22.3,0.5,0.3,0.8,0.125,-0.2,0.3,0.1,0.2
Andrew Wiggins,PF,25,GS,29,934,14,0.556,0.36,0.24,3.4,11.9,7.7,10.1,1,3.6,10.3,23.3,0.1,1.1,1.2,0.064,-0.7,-0.8,-1.6,0.1
Grant Williams,PF,22,BOS,24,462,8,0.562,0.52,0.284,5.6,12.1,8.8,6.7,1.2,2,16.7,12.8,0.1,0.4,0.6,0.058,-3.5,-0.3,-3.8,-0.2
Kenrich Williams,PF,26,OKC,28,512,13.4,0.607,0.281,0.157,8.2,14.1,11.2,13.6,1.9,0.9,16.2,13.1,0.6,0.6,1.2,0.116,-1.5,0.9,-0.7,0.2
Lou Williams,PG,34,ATL,28,626,16.5,0.529,0.271,0.282,2,9.9,6.1,26.1,1.8,0.4,11.6,26.1,0.7,0.6,1.3,0.098,-0.1,-1.6,-1.7,0
Patrick Williams,PF,19,CHI,26,720,9.8,0.553,0.275,0.28,3.6,14.6,9.2,5.2,1.2,2.2,14.1,16.3,0,0.7,0.7,0.043,-3.2,-0.9,-4,-0.4
Robert Williams,C,23,BOS,21,317,24.1,0.731,0.013,0.312,15.8,23.4,19.5,7.6,3.4,7,20.1,14.8,0.8,0.7,1.5,0.227,1.8,2.3,4.1,0.5
Zion Williamson,PF,20,NO,27,880,27,0.659,0.038,0.496,8.2,14.9,11.5,16.2,1.5,2.2,10.8,27.8,3.4,0.5,3.9,0.215,4.6,-0.1,4.5,1.5
D.J. Wilson,PF,24,HOU,10,94,8,0.488,0.622,0.054,3.5,20.9,12.4,4,0.5,2.9,9.6,18.7,-0.1,0.1,0,0.017,-3.9,-2.1,-6,-0.1
Dylan Windler,SF,24,CLE,15,262,13.4,0.621,0.646,0.262,4.5,19.7,11.8,9.9,1.7,2.8,17.1,14.3,0.2,0.3,0.5,0.09,-0.4,0.5,0,0.1
Cassius Winston,PG,22,WSH,6,44,9.8,0.597,0.7,0.2,0,9.9,4.8,17.9,0,2,8.4,11.2,0.1,0,0.1,0.086,-2.2,-1.8,-4,0
James Wiseman,C,19,GS,20,419,15.1,0.548,0.113,0.313,7.6,22.5,15.2,5.4,0.9,5.5,12.6,25.7,-0.2,0.7,0.5,0.059,-3.5,-0.7,-4.1,-0.2
Christian Wood,C,25,HOU,17,530,24.1,0.634,0.285,0.24,6.1,28.9,17.4,7.7,1.4,4.2,9.5,26.2,1,1,2,0.178,3.5,0.5,4,0.8
Robert Woodard,SF,21,SAC,6,17,22.9,0.547,0.273,0.182,19.1,32.5,25.8,0,0,0,7.8,32.3,0,0,0,0.009,3.9,-5.9,-2,0
Delon Wright,SG,28,SAC,28,823,16.6,0.559,0.298,0.346,4.2,13.9,8.9,25.3,2.4,1.7,11.5,15.6,1.5,0.9,2.3,0.136,1.4,1.4,2.8,1
Thaddeus Young,PF,32,CHI,23,592,18.5,0.597,0.104,0.169,10.7,14.4,12.6,25.2,2.5,1.7,17.9,18.9,1.1,0.7,1.8,0.145,0.8,1.3,2.1,0.6
Trae Young,PG,22,ATL,26,901,22.9,0.598,0.349,0.577,2.2,9.7,6,44.5,1.1,0.7,16.2,32.5,2.7,0.5,3.1,0.168,5.8,-1.5,4.3,1.4
Cody Zeller,C,28,CHA,15,361,18.2,0.569,0.133,0.242,11.4,24.3,17.7,15.2,1.3,2.5,9.5,17.3,0.8,0.5,1.2,0.161,0.4,0.6,1,0.3
Ivica Zubac,C,23,LAC,30,586,20.5,0.722,0.007,0.5,13.4,24.4,19.1,7.7,0.9,3.7,14.8,15.3,2,0.8,2.8,0.23,0.8,-0.3,0.5,0.4
Jaren Jackson,,,MEM,,,16.33,,,,,,,,,,,,,,,,,,,
Ersan Ilyasova,,,UTAH,,,13.64,,,,,,,,,,,,,,,,,,,
Nicolas Claxton,,,BKN,,,16.78,,,,,,,,,,,,,,,,,,,
Rondae Hollis-Jefferson,,,POR,,,10.95,,,,,,,,,,,,,,,,,,,
Kris Dunn,,,ATL,,,12.15,,,,,,,,,,,,,,,,,,,
Romeo Langford,,,BOS,,,5.54,,,,,,,,,,,,,,,,,,,
Trevor Ariza,,,MIA,,,10.62,,,,,,,,,,,,,,,,,,,
Justise Winslow,,,MEM,,,4.85,,,,,,,,,,,,,,,,,,,
Kevin Porter Jr.,,,HOU,,,12.08,,,,,,,,,,,,,,,,,,,